WBGeneID,wt_sorted_1,wt_sorted_2,wt_sorted_3,wt_sorted_4,elt7D_sorted_1,elt7D_sorted_2,elt7D_sorted_3,elt2D_sorted_1,elt2D_sorted_2,elt2D_sorted_3,elt2D_sorted_4,elt2Delt7D_sorted_1,elt2Delt7D_sorted_2,elt2Delt7D_sorted_3
WBGene00000007,8879,9060,8959,9098,8848,8567,8232,7702,7779,7405,7525,7522,7576,7601
WBGene00000008,2164,1885,1907,1874,1632,1533,1639,1551,1397,1520,1425,1383,1489,1440
WBGene00000064,15146,14941,15426,15461,15180,14983,15130,2700,2554,2537,2682,2609,2736,3015
WBGene00000067,3795,3610,3824,3513,4032,3940,3965,4636,4530,4507,4548,4042,4128,4436
WBGene00000081,3585,3282,3381,3176,3751,3556,3577,14824,15562,14777,15433,10596,10478,10950
WBGene00000107,3203,3403,3106,3469,3730,3609,3782,2596,16607,2798,2451,3525,3408,3124
WBGene00000136,15565,15337,15730,15450,15643,14673,14732,10983,10537,11244,10738,7895,8035,8327
WBGene00000172,13525,13715,12763,13197,13572,12303,12207,14266,14715,13972,14678,8194,7981,8449
WBGene00000212,11546,12798,11715,12049,11980,13072,13192,13449,13447,13719,13628,7652,7760,7809
WBGene00000214,4624,4533,4641,4481,4687,4621,4625,4137,4310,4048,4324,14681,15701,3005
WBGene00000215,3468,3649,3443,3315,3550,3102,3271,9671,9999,10763,10410,9214,9326,10160
WBGene00000216,4452,4408,4457,4284,4497,4425,4443,4647,4600,4555,4591,13058,13978,14354
WBGene00000218,4436,4404,4459,4237,4472,4401,4400,2998,3399,3146,3250,11226,12126,13207
WBGene00000219,4531,4479,4536,4378,4585,4515,4533,4806,4731,4673,4740,2858,3542,3963
WBGene00000264,7852,8155,8531,8493,8382,8266,8461,9294,9407,9348,9510,9568,9648,9936
WBGene00000274,12621,12507,12651,12503,13526,13481,13480,14661,14486,14632,14657,14468,14754,14836
WBGene00000294,15997,16062,16186,15622,16352,16331,16296,2981,2878,2834,2877,3145,3135,3605
WBGene00000302,14370,14419,12783,14020,13580,13689,13661,7750,8062,8126,8404,8399,7895,8609
WBGene00000515,15163,14860,15612,15378,14832,14402,14022,12901,12604,13371,13415,12546,12818,11466
WBGene00000522,14138,14154,13287,13662,14035,13619,14131,3956,3572,3572,3626,3297,3055,3463
WBGene00000541,13962,14031,13710,13328,12964,12962,12040,15653,16022,15621,15989,11714,11470,11265
WBGene00000562,7519,7665,7716,8074,7328,7856,7709,7978,7895,7478,7940,10140,9693,9886
WBGene00000652,7876,7953,7788,7740,8500,7920,8512,9048,8955,9190,8815,8190,8653,9046
WBGene00000781,12937,15188,13407,13315,15294,15011,16324,2713,15718,16002,15158,3679,3522,4032
WBGene00000783,14040,13997,13887,13650,14395,14430,14515,4467,4297,4329,4272,15763,15902,16029
WBGene00000784,16195,2747,15772,2602,16204,14767,2428,4653,4608,4563,4609,9419,9456,11543
WBGene00000786,3441,3478,3440,3204,3496,3391,3684,10286,9935,10118,10043,9052,9104,9119
WBGene00000789,4279,4258,4184,4180,4335,4262,4246,12752,13341,12766,13132,9857,9805,10040
WBGene00000793,14512,14757,14856,14086,3302,3105,3226,14706,14908,14552,14856,14615,14571,15972
WBGene00000802,4271,4244,4404,4241,4394,4387,4442,4744,4655,4591,4635,4467,4509,4702
WBGene00000885,7472,7621,7491,7094,7399,7271,7338,8526,8643,8269,8628,8784,9020,8674
WBGene00000971,8303,8081,8183,7703,8129,8107,7910,6590,6576,6648,6787,6524,6291,6758
WBGene00000977,8678,8680,8581,9040,9208,8830,9580,7883,7367,7400,7774,7983,8046,7753
WBGene00001046,8284,7488,7660,8076,8104,8380,8054,9257,9201,9167,9090,9533,9855,9284
WBGene00001099,15857,15407,15535,14947,15792,15086,15344,16422,16527,16448,16185,10198,10922,11350
WBGene00001137,4597,4488,4590,4472,4606,4542,4551,4813,4718,4676,4730,4549,4569,4769
WBGene00001149,3702,4001,3801,3735,3865,3764,3773,4588,4538,4453,4513,4174,4157,4329
WBGene00001157,3603,2743,3370,3254,2976,2834,2597,16434,15904,16473,2460,15718,15511,15403
WBGene00001158,9268,9321,8143,8522,7741,8443,8645,16057,16389,15391,16298,6802,6586,7313
WBGene00001163,16590,16202,2744,2467,16187,15963,15993,14674,14373,14539,14372,14519,14131,14590
WBGene00001243,13413,13588,15712,14021,14125,13319,13456,13382,13260,13099,12612,7913,8092,8300
WBGene00001247,10143,9666,10427,9705,10066,10671,9419,14208,13830,14013,13566,12955,13101,12913
WBGene00001413,7616,7860,7523,7933,8051,7627,8046,10687,10473,10416,10630,10429,10161,10156
WBGene00001468,9249,9113,9027,9179,9022,8367,8565,8792,8670,8580,9218,6694,6901,7353
WBGene00001500,10089,10607,10064,10808,10665,10830,11096,10641,10741,11658,11501,8041,7679,8385
WBGene00001501,3572,3460,3317,3536,3589,3075,3394,4400,4302,4286,4349,3733,3676,3913
WBGene00001506,11232,11650,10566,11467,11227,10575,11527,15753,14792,15042,15423,12665,12393,11600
WBGene00001578,15964,16220,15737,16276,15655,14629,15556,16306,16427,16421,16692,13829,14520,14045
WBGene00001581,11521,11227,11744,10892,16033,15305,15439,13919,13300,13925,13486,8228,8914,8985
WBGene00001597,6668,6662,7154,7375,7311,7860,7799,10959,11293,11281,11179,11630,11607,12177
WBGene00001638,12677,12830,12638,12467,12223,12152,12209,15289,15154,15217,15154,12566,12500,12478
WBGene00001663,11298,10822,11202,11350,10982,10835,10912,9899,9176,10002,9642,9902,9993,9778
WBGene00001670,11106,11035,11001,11170,9930,10185,9898,9993,10236,9698,10396,8853,9273,8827
WBGene00001681,13795,14025,13809,13916,12778,13168,13082,11609,11974,11618,12163,12197,12032,12070
WBGene00001745,14299,14469,14115,13768,3423,3406,3392,14559,14622,14903,14944,14484,14410,15574
WBGene00001749,15698,15775,15304,15287,15603,15669,15567,16337,16435,16654,16240,3075,2994,2893
WBGene00001754,14215,14445,13989,13832,13610,13286,13164,11894,11980,11384,12082,12542,12014,12251
WBGene00001758,11279,11549,11411,10348,10846,11761,11005,9047,9010,9518,9336,9557,9331,9884
WBGene00001770,11408,11357,10850,10558,11230,10676,10720,2781,16678,2745,16606,10268,11879,11186
WBGene00001774,9136,9553,9614,9394,9955,9381,9346,8012,8042,8194,8191,7839,7710,8376
WBGene00001784,13575,14565,13760,13911,14798,14383,14594,16196,16138,16416,16128,14900,14969,15085
WBGene00001786,7400,7596,7284,7110,7984,7600,7465,6932,7331,7056,6849,6160,6043,6306
WBGene00001794,4218,4140,4256,4106,4153,4072,4092,4552,4358,4333,4364,4452,4499,4617
WBGene00001795,3682,3376,3526,3373,3495,3145,3267,3293,3257,2981,3275,10033,10423,10406
WBGene00001814,15110,15253,15463,14619,15631,14981,15373,8483,8026,8646,8358,8020,8168,8911
WBGene00001819,16464,16511,2467,16380,2445,15819,16269,9349,8836,9611,9340,8485,8514,8562
WBGene00001863,3127,3140,2825,2549,3129,3054,3078,4519,4385,4264,4403,4168,4229,4246
WBGene00001898,4120,4057,4282,3996,4441,4470,4447,4177,4016,4019,4164,3978,4152,4460
WBGene00001994,3308,3242,3550,3121,4201,4140,4126,3546,3556,3562,3668,3181,3287,3817
WBGene00002005,4362,4165,4346,4268,4321,4196,4261,4704,4612,4581,4623,4456,4486,4693
WBGene00002016,7741,7470,7496,8098,7241,6451,7355,8006,7761,8435,8092,9482,9248,8203
WBGene00002021,11563,11005,11801,11801,11136,11028,10880,2736,2947,16603,2826,3735,3422,3357
WBGene00002025,16043,16149,16098,15655,3846,3744,3570,16667,2467,2464,16699,16035,16399,2611
WBGene00002032,5662,5694,5711,5372,6071,5752,5854,7138,7209,6716,7183,6775,7507,7358
WBGene00002038,3566,3308,3560,3215,3560,3347,3291,4428,4319,4284,4333,3962,3897,3916
WBGene00002041,15624,15089,15115,15273,15833,15506,15771,3905,3707,3699,3852,14946,14697,14522
WBGene00002043,14019,13927,14478,13290,13060,13627,12973,4443,4210,4305,4266,3096,2992,3242
WBGene00002054,4476,4387,4477,4314,4507,4465,4448,4687,4605,4568,4613,3378,3356,3566
WBGene00002055,3383,3430,3662,3217,3858,3523,3796,4194,4228,4075,4214,10604,11979,12472
WBGene00002057,15439,15448,15346,15669,15350,14652,14816,16634,16591,16307,16525,8119,8370,8475
WBGene00002058,12818,12198,12109,12734,12531,11780,12247,12891,11298,12070,11404,8655,9180,8912
WBGene00002068,8386,8430,8490,8688,8449,8695,8904,9599,9762,9900,9727,9839,9658,10485
WBGene00002073,11097,10692,11444,11428,11372,11099,11202,12717,12943,13134,12590,13802,13498,14039
WBGene00002094,7263,6990,7240,6749,7097,6697,6992,8447,8611,8440,8555,8695,7919,8024
WBGene00002095,5518,5243,5661,5323,5938,5598,5513,5891,5744,5327,5855,4914,4871,5122
WBGene00002118,11644,12379,11406,12170,11734,11641,12097,7499,7364,7116,7216,7056,7149,7274
WBGene00002137,16313,16417,16388,16498,16069,15802,15743,2811,2677,2763,2865,12382,12033,12176
WBGene00002188,7306,6939,7231,6599,7115,6746,6885,6012,6200,5859,6150,5505,5618,5829
WBGene00002234,13445,12774,13307,12777,13422,12597,13105,14159,14141,14298,14523,9305,9127,9866
WBGene00002255,13981,13275,13678,14196,15092,14260,14415,14813,14311,14789,14319,16231,16199,16126
WBGene00002259,14864,14361,15147,15368,14570,14311,13728,12502,12660,13390,12996,12201,12939,11990
WBGene00002260,5748,5338,5237,5517,5707,5474,5668,7470,7350,7432,7531,5139,5352,5460
WBGene00002263,3376,3467,3494,3321,3680,3589,3659,4127,4026,4074,4113,4202,4275,4399
WBGene00002264,4372,4272,4422,4267,4431,4360,4419,4680,4594,4572,4601,4442,4484,4705
WBGene00002269,16276,16260,16145,16178,2483,15958,2472,4312,4042,3997,4053,4308,4350,4571
WBGene00002271,2503,16318,16673,16442,16307,16113,16544,3659,3436,3387,3344,4240,4249,4452
WBGene00002273,4063,3957,4077,3822,3918,3641,3750,4668,4548,4529,4564,4366,4368,4589
WBGene00002275,10371,10763,11060,10820,12919,12850,13199,12566,12559,13386,12847,12610,12957,14887
WBGene00002276,10063,10033,10034,10139,10682,10217,10609,12542,12591,12488,12691,13667,13625,14280
WBGene00002280,4317,4237,4374,4164,4448,4362,4409,4661,4579,4543,4574,4473,4506,4715
WBGene00002299,15790,15663,15697,15500,15280,14988,15015,13509,13562,13183,13718,13325,12599,12504
WBGene00002497,9617,9629,9922,9751,9308,9540,9516,10382,9801,10295,10329,11422,11281,11175
WBGene00002915,3862,3965,3929,3887,4419,4356,4398,3943,3856,3774,3777,3792,3944,4242
WBGene00003056,12926,13099,12487,13224,12417,11642,11969,14760,14423,14197,14765,14010,13889,13520
WBGene00003090,3277,3399,3115,3191,3028,2528,16624,15044,15282,15070,15263,11881,11863,12430
WBGene00003091,12782,13331,11493,11295,11945,11421,11182,11633,11365,10902,10763,8779,9016,9069
WBGene00003093,9167,9516,9533,11062,9879,9170,9575,6965,7230,7884,7447,6658,6711,6744
WBGene00003096,8970,9527,8636,8681,8868,9046,9091,7447,6772,6629,6575,6351,6546,6892
WBGene00003097,14631,15317,14363,14936,14477,14627,15643,4284,4325,4207,4347,13505,11858,12822
WBGene00003106,13821,13145,14241,14028,13605,13903,13986,11786,11624,11813,11571,11403,12086,12175
WBGene00003174,15092,14516,15550,14855,14662,14579,14437,13411,13498,13649,13478,12834,12730,12667
WBGene00003243,3140,2986,3103,2827,3090,2999,3102,3877,3808,3712,3824,3847,3817,4095
WBGene00003402,15411,15163,15594,15182,15291,15123,14893,13027,13115,13301,13225,13517,13541,13855
WBGene00003409,11539,11230,10937,11212,12386,11945,12586,10777,10570,10788,11161,9340,9424,9216
WBGene00003473,12437,12101,11812,12579,13059,12706,13067,11398,11417,12368,11647,10117,10413,10109
WBGene00003474,11626,12007,11162,11291,10401,10062,10101,6756,6414,6522,6838,6453,6668,6860
WBGene00003497,4087,4015,4188,4035,4266,4184,4177,3780,3571,3835,3686,3691,3858,3887
WBGene00003511,16027,15196,15734,16457,2826,16294,2687,16105,15386,2415,15504,3845,2816,3570
WBGene00003547,10793,10284,11056,10380,11087,11319,10540,9529,9438,10043,9939,8413,8317,8917
WBGene00003559,15767,16332,15525,15918,4108,4059,4057,2499,16540,16664,16389,16446,15855,16430
WBGene00003561,2505,16664,2448,16528,16682,16549,16548,3851,3593,3555,3589,3224,3094,3176
WBGene00003572,10870,10783,10334,10580,10171,9554,9491,12918,13184,13260,13472,7221,7352,7574
WBGene00003607,14912,14159,14450,13896,14594,12895,13054,14977,14870,14932,14927,12294,12015,12440
WBGene00003621,13769,13595,13447,13632,13293,13327,12939,13121,12973,13032,13098,11661,11415,11853
WBGene00003678,3793,3800,3846,3621,4397,4361,4351,3646,3683,3657,3772,3470,3516,3747
WBGene00003689,12875,12667,12653,11634,12651,12798,12273,14347,14223,14740,14858,10749,11264,10978
WBGene00003698,10468,10389,10283,10406,9990,9920,9802,9303,9105,9123,9111,8927,8885,8336
WBGene00003711,9666,9213,9733,9147,9823,9389,9801,8032,8155,8463,8564,6995,7148,7689
WBGene00003727,12549,12320,12786,12206,11835,11710,12150,14987,14168,14455,14737,13662,13124,13317
WBGene00003730,15952,15778,15796,15919,15185,13776,14557,3832,3862,3773,3931,12553,12523,11766
WBGene00003734,8467,8953,8810,8168,8352,8466,8136,6418,6018,6348,6188,5975,6110,6485
WBGene00003773,4124,3930,3922,4099,4083,3865,3936,3882,3821,3716,3945,13984,14210,14899
WBGene00003786,3915,3616,3704,3913,4281,4119,4256,4048,3971,3828,4040,12748,13140,13309
WBGene00003813,15842,15104,15970,15536,15271,14696,14564,12912,11890,12424,12025,11706,11619,11178
WBGene00003815,16240,16141,16459,16228,16351,16344,15987,3200,3125,3075,3045,3213,3398,3442
WBGene00003828,2796,3005,2890,2799,2874,2802,2903,13275,13089,13097,13152,11017,10897,11359
WBGene00003840,15596,14618,15688,14854,15249,15450,14848,13240,12329,13207,12378,12769,12777,12745
WBGene00003845,5477,5272,4920,5225,5230,4832,5018,6071,5964,5802,5763,4724,5013,5195
WBGene00003877,2618,2681,2785,2525,2628,16431,16166,4250,4223,4062,4174,13298,12346,13690
WBGene00003903,3355,3296,3426,3108,4393,4370,4352,3867,3690,3653,3725,3303,3410,3780
WBGene00003943,3674,3168,3680,3351,3407,3216,3246,4362,4225,4230,4245,3059,3113,3058
WBGene00003956,2601,2551,16623,2580,16575,2574,2629,14603,15762,14600,15872,8029,8305,8645
WBGene00003957,14260,14052,13810,11994,12897,10812,10445,7998,7530,7973,7972,7108,7814,7603
WBGene00003958,4020,3865,4061,3786,3658,3434,3236,3634,3508,3700,3631,11056,11844,11751
WBGene00003959,2470,16348,2801,16312,2810,16653,2639,4450,4379,4363,4357,2453,2878,3597
WBGene00003964,4287,4153,4330,4149,4160,4121,4149,4702,4604,4549,4595,4401,4430,4532
WBGene00003965,13784,13856,14196,13330,15832,16024,16435,13776,13231,13966,13667,13902,14145,14856
WBGene00003995,12134,11984,11862,11001,11771,12171,12904,15723,15765,15565,15763,14302,13924,14301
WBGene00003998,8562,8570,9363,9093,9375,8954,8809,10423,9435,9558,9731,13422,13947,13188
WBGene00004000,9353,8945,9286,10109,10356,9114,9471,12868,12110,12570,12945,15704,15660,14798
WBGene00004017,6758,6462,6842,6465,6959,6788,6854,15293,15368,15364,14980,9670,9244,9750
WBGene00004020,11984,12301,11879,12493,11158,10918,10372,3589,3641,3428,3676,7837,7907,8257
WBGene00004038,15208,15037,15328,15212,15942,15898,15522,14319,14210,14467,14343,13556,13347,13266
WBGene00004058,11486,11899,11275,11583,11150,11355,10301,15927,16106,15459,16102,8445,8257,8323
WBGene00004059,4071,3581,3999,3862,3699,3446,3169,2756,16573,2775,2963,2800,2617,16648
WBGene00004076,4485,4344,4494,4340,4542,4480,4459,4566,4488,4452,4441,4103,4241,4421
WBGene00004096,15856,15579,15879,15660,15596,14894,15223,3707,3729,3649,3657,14699,13990,15029
WBGene00004128,3706,3505,3773,3431,4386,4329,4321,3494,3437,3516,3480,3534,3561,4011
WBGene00004149,6181,5631,5846,5464,5966,6137,5697,9710,10151,9892,10288,5681,5549,5881
WBGene00004153,5895,6612,6117,5847,6377,6722,6501,6303,6480,7293,6436,8202,8502,9479
WBGene00004169,3787,3435,3587,3459,3507,3405,3363,4534,4404,4371,4423,4090,4075,4123
WBGene00004191,13547,12935,12988,12932,13217,12714,12771,12418,11807,11885,12869,10563,10787,10876
WBGene00004235,14131,14400,13954,13421,14586,14596,15146,14522,14693,14788,14922,15918,15914,16465
WBGene00004238,2652,2512,2681,16639,16216,16193,16280,3521,3388,3382,3461,3440,3309,3272
WBGene00004297,8732,8906,8952,9014,8837,8969,8793,10752,10781,10738,10724,10828,11176,11303
WBGene00004358,4289,4208,4382,4190,4217,4168,4194,3782,3650,3840,3421,3241,3357,3105
WBGene00004373,3419,3445,3542,3322,3438,3511,3613,4134,4064,3998,4050,4130,4202,4325
WBGene00004395,2645,2412,2598,16642,2624,2544,16439,15083,14435,15206,15422,14749,14866,14821
WBGene00004400,11966,11891,11688,11966,11362,11539,11689,14432,14049,14288,14336,14092,14277,14081
WBGene00004401,12806,13419,12891,12927,12945,12615,12201,10699,10736,10808,10742,10796,10501,9887
WBGene00004506,14381,14431,14401,14261,14992,15214,15050,16455,16611,16339,16196,15737,16078,16412
WBGene00004737,9361,9584,10032,9645,9946,9425,9602,12154,12303,11902,12532,12787,13005,13048
WBGene00004789,14342,14584,14594,14258,13387,13179,13255,14756,14944,14833,14705,12296,11651,11779
WBGene00004796,11965,11486,12127,11498,12135,11940,12252,13075,12878,12432,12600,7101,7250,7829
WBGene00004798,7712,8425,8983,7935,8525,8776,9859,13858,13706,15231,13977,15142,15503,2833
WBGene00004809,14803,14507,14429,14873,15197,14523,14837,2542,2587,2587,2524,16399,16284,16324
WBGene00004859,16258,15945,16124,15873,15974,15424,15238,3056,3153,2983,3126,2680,2485,2802
WBGene00004875,12267,11889,12286,11252,14024,11982,12476,8340,8705,8531,8760,7589,7606,8326
WBGene00004878,8470,8350,8313,7978,8391,7804,8076,6711,6362,6961,6712,6004,6132,6305
WBGene00004890,14900,14498,14875,14485,14205,13817,13840,15746,15428,15714,15605,13249,13018,13469
WBGene00004898,13393,12994,12668,12758,12671,12020,12527,15725,15545,15422,15674,14567,14232,13799
WBGene00004979,13168,13067,12721,13366,13084,13027,12838,15499,14957,15023,15223,15719,15479,15169
WBGene00004981,12922,13078,13527,13306,13624,13346,13202,15331,15193,15271,15290,13965,14255,14214
WBGene00004985,6708,6691,6778,6980,7114,6691,7091,9151,8891,8832,9560,9024,9457,8583
WBGene00004986,14653,15985,15070,15286,16593,16143,16508,7722,7340,7441,7294,7486,7961,7917
WBGene00004988,3750,3910,3641,3841,3830,3414,3669,2498,2807,2586,2679,10601,11163,11098
WBGene00004990,4506,4427,4501,4405,4500,4405,4422,3751,3814,3805,3784,15436,15933,15702
WBGene00004991,7893,7786,7427,6986,7541,7305,7217,5673,5519,5585,5800,5399,5543,5735
WBGene00004993,2570,3788,3037,3031,2868,3535,3697,9691,10670,9754,10240,8191,8206,8874
WBGene00004999,4500,4448,4500,4399,4537,4468,4476,14405,14675,14275,14057,11528,11641,11713
WBGene00005002,6789,6778,7011,6833,7143,5800,7081,5468,5419,5739,5402,5299,5420,5621
WBGene00005003,14899,16231,14194,15556,14174,13705,14146,14164,14493,14153,14456,9532,9612,9188
WBGene00005657,7914,7986,7760,7863,7631,7616,8148,10814,10043,9346,9885,8921,9637,9617
WBGene00005703,10687,11675,11141,11320,10257,10231,10157,7002,6477,6687,6836,6300,6667,6953
WBGene00006016,8896,9107,9290,9264,8552,8760,8647,9580,9620,10124,9666,7981,7434,8131
WBGene00006224,1920,1662,1674,1838,1690,1676,1774,2408,2063,4818,4804,1798,1665,1799
WBGene00006372,13739,13987,13358,13400,13552,13843,13928,3168,2843,2643,2765,2574,16685,2444
WBGene00006431,16069,16262,15738,15955,16009,15273,15639,16119,16143,16164,16073,13718,13366,13559
WBGene00006454,8235,8601,8208,7710,8188,7929,7844,7645,7450,8046,7371,6391,6430,6672
WBGene00006464,13040,12458,12753,12190,14112,13119,14048,14764,15074,14729,15017,7375,7753,8012
WBGene00006470,13335,13838,13453,13379,12764,12265,12492,3924,3555,3377,3547,2855,2668,15719
WBGene00006533,13076,13106,13219,12534,14457,14367,14085,2922,3054,2976,2820,15169,15292,16691
WBGene00006609,13894,14596,14257,14123,13065,13225,13207,15256,15627,15636,15531,12828,12118,12790
WBGene00006617,2786,2768,2980,2744,3143,3294,3153,3914,3947,3782,3859,3461,3621,3729
WBGene00006628,13652,12611,12712,12664,11983,11845,12989,4118,3844,3848,3862,3742,3725,2956
WBGene00006635,12158,12388,12230,12142,13382,13019,12777,10482,10654,10938,10592,10550,10399,10934
WBGene00006760,15082,14476,14388,14986,15270,14882,15273,16207,16430,16354,16344,2922,2432,3338
WBGene00006794,3665,3660,3751,3500,3908,3880,3926,4354,4253,4201,4177,4152,4181,4437
WBGene00006820,3515,3367,3479,3197,4198,4091,4182,3923,3829,3668,3732,3640,3600,3834
WBGene00006823,3671,3554,3562,3474,3230,3305,3360,4067,4000,3910,4024,4097,4060,4241
WBGene00006915,4112,4048,4195,3830,4215,4122,4043,3372,3670,3298,3568,9393,9510,10557
WBGene00006923,3625,3490,3714,3328,4087,4142,4111,4426,4267,4257,4331,4129,4133,4406
WBGene00006940,9426,9174,9852,9633,9090,8880,9053,10489,10235,10534,10764,10941,11220,11393
WBGene00006942,14630,14852,14901,14803,15359,15138,15243,3103,3260,2933,3185,16050,16214,16321
WBGene00007030,3746,3543,3567,3550,4270,4197,4230,3649,3574,3586,3638,3668,3592,3957
WBGene00007073,15780,15310,15382,15532,14747,15036,14751,2761,16645,2400,2529,16669,16163,15512
WBGene00007112,3653,3527,3810,3486,3365,3277,3052,14209,14183,14128,13517,14744,14545,13850
WBGene00007131,7939,7146,7431,7230,7713,7866,8349,10167,10386,9067,10160,7973,7730,8351
WBGene00007139,15813,15609,16036,15713,15697,15724,15856,16576,16185,16551,16576,3499,3474,3883
WBGene00007153,11353,13079,11144,12002,11137,10613,11403,11514,11801,11621,11686,9292,8581,8599
WBGene00007180,10894,11148,11348,11267,11325,11356,11213,13545,13222,13141,13224,13978,13742,15099
WBGene00007220,6453,6302,6676,6239,6606,6530,6333,5330,5510,5324,5358,5163,5195,5375
WBGene00007228,4395,3984,4137,4218,4101,3859,3910,3482,3263,3371,3612,2654,3184,3376
WBGene00007248,6417,6353,6845,6563,6874,7108,7183,8654,8344,8690,8744,7763,8108,8039
WBGene00007275,12228,12693,12371,11838,11304,10513,10159,10559,10558,10670,10656,10638,10097,9531
WBGene00007331,4133,4078,4154,4211,4091,4043,4218,9411,10005,10045,9831,9413,9305,9161
WBGene00007352,3241,3068,3281,3145,3293,3030,3222,4144,4038,4024,4065,3818,3768,4071
WBGene00007366,7441,7583,7134,8047,6886,7568,7379,7689,7264,6887,7256,9233,8966,8906
WBGene00007368,10656,10097,9603,10397,9588,8723,10071,13103,12815,12594,13183,8833,9034,9045
WBGene00007372,13236,12669,12834,12712,13267,13235,12883,2635,16147,16592,16460,15183,15732,15890
WBGene00007394,11561,11109,11939,10686,11753,11033,11113,7821,8192,7988,8133,6752,7119,7314
WBGene00007404,14349,14454,13856,14151,13565,12723,12686,8591,8488,9069,8598,7087,7412,7819
WBGene00007422,11796,11353,11040,12916,11571,10572,11978,8579,7774,7960,8111,7048,6929,7187
WBGene00007430,11507,11607,11465,11741,13208,13210,13117,11285,10618,10838,10462,11184,11702,12722
WBGene00007440,9145,9251,9311,8879,9700,9526,10170,15563,15573,15357,15203,13610,12774,13223
WBGene00007455,10768,10114,10786,10539,10914,9723,9521,8724,8460,8709,8595,6813,6750,7559
WBGene00007557,12615,13031,12967,13342,12178,12109,11897,13477,13109,13078,13650,8361,8363,8440
WBGene00007558,9511,9882,9307,9891,9537,9265,9637,11546,10997,11840,11829,8985,8948,8517
WBGene00007599,4397,4269,4298,4185,4162,4098,3808,3833,3765,3799,3901,3748,3807,3676
WBGene00007605,15933,16169,15748,16048,15971,14551,14352,4155,16674,2787,2638,8425,11952,9603
WBGene00007609,14058,13739,13839,13976,12695,12268,12311,12304,11814,11638,11638,12237,12516,11814
WBGene00007650,14382,14653,13565,14266,13239,13111,12783,11163,11054,11072,11208,9283,9533,9326
WBGene00007655,1767,1774,1778,1761,1893,1899,1777,5305,5465,1876,5316,1820,1758,1805
WBGene00007656,5709,5640,5833,5751,5749,5977,5971,7479,7744,6637,7289,5560,5588,6142
WBGene00007672,6447,6264,6019,6472,6588,6209,6493,7730,7303,6745,7023,5708,5753,6152
WBGene00007689,14915,14946,14601,15047,14231,14117,14230,3582,3287,3330,3391,2646,16624,16654
WBGene00007692,8353,8225,8148,8196,8278,7632,8166,6241,5993,5976,6157,5774,5815,6251
WBGene00007693,6014,6037,5538,6105,5633,5861,5793,5073,4893,5050,5094,4977,4940,5551
WBGene00007694,9340,9400,9450,9642,9893,10083,9730,13189,12916,12573,12772,12075,11931,11944
WBGene00007695,11693,10919,11088,11344,11449,11175,10769,12763,11742,11611,11839,7134,7094,7550
WBGene00007725,12566,11942,11793,11749,12010,11496,11432,12521,12208,12406,12396,10239,9936,10367
WBGene00007748,11895,11374,10361,11502,10909,9923,10284,11034,11492,11082,11449,7155,7292,8017
WBGene00007807,10742,10075,9730,9689,10510,9853,9639,10398,10178,10328,10903,7081,7393,7365
WBGene00007810,8864,8573,8322,8703,9053,8398,8566,7143,6706,7123,7044,7161,7082,7151
WBGene00007811,14647,14656,14017,14019,14061,14105,13648,10267,10006,10552,10704,10950,10763,10841
WBGene00007817,11708,11214,11217,11073,11745,12122,11920,13060,13479,13053,13299,16090,15639,16555
WBGene00007833,7995,7867,7829,7662,7408,7344,7537,11677,10888,11610,11357,6629,7084,6890
WBGene00007840,6993,6847,7438,6819,7214,6498,6643,7152,7087,7216,7452,6139,6242,6193
WBGene00007857,11268,12165,11973,11503,10838,10309,11054,13298,14140,13337,14189,8441,8335,8780
WBGene00007867,3326,3199,2924,16522,3108,3029,16455,12291,13334,11805,12765,7968,8191,8761
WBGene00007885,7705,8026,8128,8287,8022,7515,7840,9354,8935,9013,9334,8711,8352,8452
WBGene00007904,11219,10490,10788,10869,11508,10543,11192,8334,7836,8607,8124,6819,7182,7228
WBGene00007909,8643,8367,8653,8318,7977,8031,7983,8052,7562,7974,7628,7828,7079,7068
WBGene00007923,12751,12743,12514,12450,14025,13577,13806,15375,15319,15085,15197,13983,14430,15252
WBGene00007928,8331,8135,8794,8127,8732,8743,8132,10990,10887,10660,10144,8914,8201,9571
WBGene00007946,5581,4658,5108,4914,5048,4861,2198,2104,2131,2246,2096,2033,2150,2116
WBGene00008042,8596,8552,8301,8938,7384,7274,7275,6895,6152,6262,6753,5807,5759,6183
WBGene00008043,8154,7565,7958,8272,7934,7617,7797,6780,6962,7112,6841,6770,6801,7402
WBGene00008091,9999,9647,9536,9434,9944,9624,9450,14377,14422,14378,14340,10068,10546,10885
WBGene00008102,7896,7751,8196,8128,7699,7464,7761,9922,10471,10023,10212,7086,7589,7249
WBGene00008123,10150,10549,10393,10265,9871,9276,8736,10136,10684,10230,10516,8733,8128,8448
WBGene00008167,10828,10681,10935,11161,10731,10274,10387,16636,16615,16499,2587,8163,8860,8581
WBGene00008194,4015,3776,3820,3687,3961,3610,3653,4257,4188,4142,4253,16014,15128,15399
WBGene00008199,13964,13932,13890,13327,13375,12406,12536,4216,4004,3868,3998,2550,15525,15552
WBGene00008200,10571,10545,10753,10981,10628,10493,10348,12564,12515,12509,12431,8406,8340,9048
WBGene00008220,3780,3766,3853,3751,3770,3872,3737,3666,3615,3691,3586,16618,2464,16352
WBGene00008228,12912,12348,12787,12690,12534,12500,12601,14084,14092,14498,14045,14495,14744,14890
WBGene00008229,3820,3778,3533,3674,3383,3067,3175,4381,4206,4175,4327,3104,3110,2513
WBGene00008239,15085,14606,14745,14522,14328,14069,14232,13257,13251,13068,13512,9051,9822,9306
WBGene00008246,9604,9179,9052,8830,9147,8504,8489,9132,8524,8760,8568,6613,6665,7013
WBGene00008251,7623,7354,7555,7423,7211,6879,6624,6738,6494,6935,7003,6415,6512,6330
WBGene00008255,12236,12131,12321,11954,11815,11513,11665,14719,14001,14125,14277,13871,13329,12719
WBGene00008265,12792,12737,12379,12541,12083,12052,12473,15329,15160,15467,15262,12416,11910,11520
WBGene00008273,13159,12844,12532,12877,12376,12032,12003,14148,13561,14116,14036,11761,11665,11499
WBGene00008296,13178,13010,11810,12254,12349,12319,12020,15778,15937,15771,16135,14684,14086,14120
WBGene00008319,5865,5928,5978,5559,6203,5683,5671,7348,6801,6930,7297,6283,6042,6420
WBGene00008341,14163,13339,13586,13299,14630,13796,14313,15806,15650,16114,15985,8981,8924,9622
WBGene00008354,11276,10450,10411,10899,11378,11153,10924,9685,9498,9670,9555,8878,8823,9641
WBGene00008359,5200,5744,6081,6411,5693,5721,5926,5204,5196,5284,5324,5607,5951,5756
WBGene00008372,10044,9594,9817,9567,10238,10373,9983,12452,11673,11687,11842,9430,9692,10205
WBGene00008422,15209,15303,14961,14845,15238,15412,15494,2752,2615,2590,2487,16286,2503,2864
WBGene00008425,8337,8579,8006,8041,7595,7308,7994,6410,6435,6195,6410,6141,6005,6287
WBGene00008477,16545,2677,15910,15503,16111,15763,15379,8855,8312,8212,7956,8265,9012,8427
WBGene00008485,7640,8093,7842,7777,7683,7312,7643,13373,13307,13061,13327,8686,8295,9016
WBGene00008486,10060,10734,9941,10752,9669,9427,9344,15138,14966,14847,15171,8886,9017,9168
WBGene00008492,13102,14780,10534,12588,13243,12309,12876,12475,11325,10533,10237,7149,7410,7872
WBGene00008495,10596,12635,10133,10801,11064,11297,11652,9934,10505,9725,10128,7726,7884,8268
WBGene00008499,14432,13488,14096,13273,14217,13938,13904,12541,12383,12557,12656,7722,8110,8501
WBGene00008542,12710,12911,12447,12937,12579,12621,12364,9406,9293,9313,9348,7223,7555,7580
WBGene00008572,3091,2977,3182,3182,3186,2740,3130,3976,3849,3955,3841,4345,4318,4536
WBGene00008584,6994,6678,7464,7251,7897,7338,7428,6104,5528,5940,5870,5968,6078,6189
WBGene00008594,6511,6761,6276,7053,6801,6737,6726,6416,5890,5907,6120,5318,5338,5629
WBGene00008596,9131,9303,9005,9615,9011,8716,8924,7560,7957,7752,8049,6175,6369,6605
WBGene00008597,4775,5012,4792,5307,4957,4970,5027,2439,4920,4764,4809,2174,2267,2237
WBGene00008599,8453,8704,8518,8460,8899,8202,8197,10866,11455,10375,11314,7978,7747,8256
WBGene00008602,8950,9130,8378,9066,9063,7940,8465,2851,2517,2511,2808,11127,9839,10122
WBGene00008607,2778,3155,2952,16697,3128,2766,2923,16016,16643,15902,16459,9269,9458,10137
WBGene00008654,9908,10071,9785,9787,11454,10117,10137,10172,9706,9672,9515,7377,7267,7721
WBGene00008669,4290,3845,4142,4081,3977,3942,3736,3706,3673,3561,3721,3038,3195,3337
WBGene00008692,10134,9153,9159,9263,9401,8871,8893,11476,12140,11594,12000,7882,7877,8177
WBGene00008726,9069,8984,9036,8792,9115,8628,8993,10218,9259,9181,9557,11395,11401,11082
WBGene00008731,10192,10208,9892,10055,9927,9828,9615,11164,11461,11459,11838,8690,8733,8816
WBGene00008741,12080,15159,12856,11991,13522,14032,15480,12425,13030,12205,11947,7620,8414,9278
WBGene00008774,14467,14420,14204,14139,13661,13380,13047,14688,14503,14589,14558,12672,12181,12166
WBGene00008779,7779,7657,7889,7962,8033,7739,8459,12082,12757,11339,12223,13749,12847,13392
WBGene00008780,14359,15174,14265,14730,14020,13637,14374,16703,16626,16201,16230,3028,2557,2943
WBGene00008793,10053,10001,9843,10926,9869,9005,8662,6836,6841,6893,6819,6832,6717,6674
WBGene00008831,6894,6890,6430,6815,6530,6165,6802,6065,6237,6364,6560,8414,7993,7747
WBGene00008848,12013,11835,12377,12447,12522,11943,12058,15581,15499,15823,15627,13975,14343,14900
WBGene00008849,7399,7491,7358,7033,7740,7447,7750,10081,10071,10446,10175,9525,9568,9566
WBGene00008891,8739,10233,9180,8600,8989,8244,8823,16651,15583,14882,14701,7301,7509,7935
WBGene00008900,12579,12387,12237,12151,12358,11654,11440,9373,9699,8550,8962,7003,7169,7284
WBGene00008922,11418,11207,11513,11752,11280,10411,11235,13597,12598,12724,12364,2954,2623,15906
WBGene00008944,8307,8001,7649,8228,8360,8407,8189,11888,11385,10392,11251,11616,11203,11182
WBGene00008945,9173,8378,8874,8798,8931,8910,8611,9348,9673,9569,9487,7750,7932,8232
WBGene00008954,8270,8074,8092,8364,8578,7944,8439,9338,9544,9384,9479,7728,6919,7433
WBGene00008988,10635,9129,8682,9474,9167,9288,9175,9241,9099,9290,9319,11644,11398,12035
WBGene00009008,11462,11023,11125,11113,10886,10803,11175,13432,13777,12832,13198,13561,11823,12188
WBGene00009061,6716,6925,6562,6437,6332,6109,6719,10036,9819,8569,10002,6405,6449,6801
WBGene00009093,10634,10629,10697,10821,10211,10521,10771,13211,12532,12887,12699,12037,11871,12388
WBGene00009101,6381,6171,6207,6257,6196,6560,6249,8066,8141,8084,8216,7261,6945,7124
WBGene00009102,10191,9549,9321,9924,9468,9260,9914,12429,12641,12531,12487,11711,10940,11164
WBGene00009162,13461,13017,12707,12930,12589,12569,12631,16417,15956,16176,16188,15512,15049,14104
WBGene00009226,13090,13859,12463,13026,14243,13100,13586,7521,7373,7760,8145,7065,6881,7431
WBGene00009237,16616,16399,2535,15990,16411,15713,15260,8981,8772,9241,8927,8561,8426,8908
WBGene00009242,9057,8957,8836,9183,8519,8227,8284,8140,7273,7723,7916,8568,7664,7739
WBGene00009257,10261,10036,10503,10154,10859,10665,10206,9737,9152,9623,9537,8831,9046,8773
WBGene00009259,4081,3946,4134,3833,4218,4070,4138,4646,4558,4522,4568,3828,3886,4190
WBGene00009291,16637,16372,16211,16332,16306,2503,16531,15887,15820,16075,15746,14362,14266,14423
WBGene00009293,7571,7140,7685,8028,7864,7531,7441,9273,9287,8601,9392,10018,9818,9614
WBGene00009337,15962,16091,15843,15852,15420,15826,16246,2562,2850,16701,2731,3477,3319,3549
WBGene00009347,11290,12207,11352,11918,10586,10632,10695,9485,9159,9244,9149,9549,9346,9323
WBGene00009385,9292,10031,9487,9733,10076,9692,10037,12062,11969,11551,11942,12391,12267,12533
WBGene00009389,14270,14426,13844,14002,14238,13976,14170,14770,15060,15121,15079,11508,10881,11971
WBGene00009393,9303,10008,8962,8668,10374,9375,9953,15122,15698,15830,15597,8366,8561,8834
WBGene00009394,3940,4246,3901,3715,4372,4193,4336,4583,4582,4517,4549,12779,13897,16110
WBGene00009403,12550,11824,12472,12000,11997,11181,11129,14802,14403,14677,14538,13623,12876,12780
WBGene00009429,5997,6080,6477,6237,6435,6089,6528,6588,6918,6871,6404,7417,7416,7791
WBGene00009432,16015,14919,14794,15107,14029,13993,14581,3496,2780,3034,3075,2660,16553,16687
WBGene00009433,15999,15457,16128,15313,15601,15297,15150,3928,3366,3443,3448,2845,2527,16208
WBGene00009483,12719,12300,13339,12585,11555,11658,11359,14408,14207,14527,14232,11351,11028,10681
WBGene00009488,1842,2207,2244,2017,2038,1529,1642,1553,1501,1522,1524,1729,1503,1541
WBGene00009515,5722,5954,5593,5703,5696,5314,5452,5439,5215,5099,5222,4849,4973,5041
WBGene00009560,13300,12367,12277,12487,12490,11965,12206,11037,11228,11629,10849,9239,9323,9597
WBGene00009571,7746,7696,7873,7349,7752,6292,6764,5708,5635,5719,5647,5616,6021,6039
WBGene00009595,12612,12577,11681,11982,12098,11958,12486,15756,15685,15328,15751,12337,12131,11858
WBGene00009773,2792,2872,3099,2568,2987,2767,2887,10555,10028,10970,9697,10234,10390,9853
WBGene00009777,6483,6755,6786,6617,6568,6195,6274,6934,6811,6760,6627,5860,5821,5880
WBGene00009798,9614,9341,9769,9560,9652,9250,8992,13375,13518,13361,13110,9078,9039,9156
WBGene00009835,7728,8122,7601,8039,7609,7886,8333,7352,7753,6856,7564,5963,5918,6249
WBGene00009836,8192,7835,7467,7567,7873,7621,7129,6091,5742,5742,5930,5886,5844,5977
WBGene00009854,6426,6443,6605,6556,6173,5960,6459,5250,5230,5138,5286,4975,5020,5289
WBGene00009877,2599,15908,15935,16609,15061,14456,14300,10352,9932,10034,10526,8685,9714,10064
WBGene00009886,3270,2940,3164,2944,2974,2759,2787,4170,4112,4015,4103,3424,3320,3596
WBGene00009895,14102,14952,14459,13850,15984,14797,15590,8507,8531,8538,8719,7513,7635,7788
WBGene00009897,7437,7671,7191,6958,7090,7351,6810,12976,12772,13039,12589,7170,7407,7222
WBGene00009902,10837,10042,9723,10063,9548,9212,9099,15598,15599,15524,16067,9122,8186,9027
WBGene00009908,10022,10519,9568,9621,9080,9224,9181,7094,6274,6732,6516,6130,6178,6567
WBGene00009914,7070,7044,6863,6754,7052,6293,6656,9759,9984,8871,9523,5880,5826,6482
WBGene00009957,14704,14731,14526,14345,15370,15752,16050,4408,4322,4332,4361,4382,4373,4601
WBGene00010006,13486,13725,13865,12755,16285,16358,16639,14350,14500,14708,14672,14560,14799,15525
WBGene00010041,15079,15794,14223,16074,14583,14112,14347,3406,3159,2765,3281,16548,15705,14445
WBGene00010047,4176,3959,4121,4008,4114,3951,3995,4674,4539,4503,4554,4346,4326,4373
WBGene00010049,4040,4187,3957,3957,3999,3952,3876,4133,4097,4032,4100,11030,11060,11251
WBGene00010070,3735,3818,3781,3553,3937,3863,3906,3931,4051,3431,4043,13825,12826,14806
WBGene00010072,12580,12515,12526,11917,13397,14025,13682,10720,10782,10638,10728,10100,10351,10308
WBGene00010086,14329,14467,14296,13820,14674,14648,14796,16641,16463,2618,16593,10382,10801,11306
WBGene00010116,8684,9565,8642,8868,9416,8773,8918,7695,7563,7500,6948,6724,6516,7491
WBGene00010117,4135,4035,4127,4020,4051,3958,4018,4553,4484,4429,4488,4236,4199,4434
WBGene00010123,5851,6261,5936,5646,5923,5895,5886,5519,5233,5056,5198,5171,5204,5651
WBGene00010124,7608,8418,6766,7776,6637,6411,7344,5841,5727,5917,5581,5640,5397,5701
WBGene00010125,9907,10922,10029,9806,10693,9470,9620,6569,6568,6727,6411,6345,6479,6650
WBGene00010128,9362,9939,9377,8817,9403,8749,8741,7503,7399,7469,7530,6397,6439,7113
WBGene00010133,3331,2839,2794,3069,16685,16531,16332,15934,15759,15857,15818,15508,15146,13601
WBGene00010134,15246,14931,15466,14783,15036,14859,14582,2709,16454,16519,2537,12810,12693,11564
WBGene00010150,2864,2837,2562,2714,2853,2808,2466,15969,15664,15239,15459,13674,13791,14034
WBGene00010204,15911,2784,16222,16513,2925,16678,2421,2543,2820,2768,2583,9403,9771,10863
WBGene00010214,11640,11350,11528,11168,11516,10790,11276,12116,11649,12536,12476,10105,10096,10561
WBGene00010215,9214,9076,8696,8933,8803,8720,8861,8798,8883,9160,9345,7470,7140,7330
WBGene00010238,13902,14093,14266,13199,12893,12650,12611,7315,7261,7354,7681,7173,6922,7599
WBGene00010244,3246,3384,3379,3041,4242,4257,4263,3239,3107,3197,3201,2950,3083,3849
WBGene00010266,16543,2631,16507,16587,2657,16686,2487,4220,4202,4107,4118,2827,2981,3157
WBGene00010274,6780,7525,6277,7062,6254,6160,5949,5466,5542,5362,5397,5197,5229,5415
WBGene00010289,6373,5871,5900,5645,6000,6133,5669,7474,7708,7308,7820,6272,6077,6288
WBGene00010293,8153,7814,7903,8152,8272,8147,8000,10709,10498,10722,10858,10297,10082,9496
WBGene00010328,12370,12343,11730,11981,12008,12350,11952,16046,15447,15779,15914,15270,14611,13881
WBGene00010334,14372,14085,14020,14167,13388,12821,12768,14789,14554,14268,14902,11690,12354,11777
WBGene00010340,13749,13064,13025,12696,12942,12455,12307,16418,16407,16612,16314,12521,12558,12739
WBGene00010342,11432,11272,10769,10865,9488,9694,9527,9604,9220,8912,9473,7298,7458,7450
WBGene00010357,11498,11378,11176,10909,12047,11802,12235,13763,13427,13001,13641,12222,12197,12607
WBGene00010383,11541,11692,11673,11902,11740,11561,11414,12848,12485,12923,13047,10628,10577,10717
WBGene00010426,7019,6926,6473,7372,7028,6796,7005,9386,9563,9791,9342,6754,7068,6779
WBGene00010456,3553,3791,3864,3595,3772,3929,3915,3188,2727,2491,2504,2512,2957,2779
WBGene00010589,6706,6882,6563,6380,6736,6693,6757,7892,8068,7903,8017,7618,7161,7654
WBGene00010605,4366,4198,4267,4228,4250,4028,4140,4730,4637,4601,4646,4286,4277,4439
WBGene00010657,7964,7089,8523,7923,8523,6667,7489,8593,8739,9216,8767,6751,6568,6820
WBGene00010658,12509,11058,11857,11003,12115,11566,11063,11420,10709,11718,11138,14172,13871,14495
WBGene00010659,7343,7725,6738,6848,7336,6639,7286,6086,5982,5759,5935,5490,5433,5717
WBGene00010660,15093,14542,14491,13851,13608,13091,13149,4559,4329,4316,4296,3953,3993,3967
WBGene00010664,14551,14268,14652,14209,15512,15568,15616,16615,16592,16686,16412,15987,16311,3027
WBGene00010684,7773,7918,7123,7247,7561,7822,7477,6364,5853,6065,6223,6219,6198,6038
WBGene00010745,9154,8996,8615,7829,9038,8604,8400,6689,5983,6602,6321,6475,6783,7167
WBGene00010746,2416,5448,4841,5616,5068,4775,5564,2186,2114,2140,2172,2103,2135,2186
WBGene00010747,6462,6801,6583,6515,6466,6428,7002,8704,8991,8444,9105,5660,5793,6018
WBGene00010749,12136,12648,13230,12062,12255,11735,11630,11421,9943,10585,10059,9692,10311,9636
WBGene00010750,7646,8005,7626,7856,7452,7329,7331,10000,10310,9468,10383,6212,6086,6476
WBGene00010759,11528,13390,13157,14276,14867,13734,14132,14410,14044,15045,13620,2613,16346,16130
WBGene00010769,12049,15299,12695,12636,13615,15554,16284,9451,10687,9612,10155,7551,8161,9042
WBGene00010774,9255,9401,9446,9568,9202,8803,9614,10793,10435,9933,10275,7526,7533,7797
WBGene00010784,16330,15766,16182,15972,15330,15365,15127,13636,13367,13726,13869,13536,13552,13082
WBGene00010787,6330,6541,6767,5920,6561,6340,6527,8452,8634,8698,8688,8656,8926,9257
WBGene00010822,9840,9459,9379,9102,9509,9304,9818,13333,13862,13449,13896,8176,8079,7787
WBGene00010828,16660,16521,2676,15957,16396,2476,16442,3874,3734,3743,3726,3094,3138,3519
WBGene00010870,16291,15751,16465,15953,15802,15696,15275,3497,3259,3348,3422,2833,2574,16705
WBGene00010897,14671,14613,14013,13969,13950,14170,13971,3553,3644,3393,3708,14966,14457,15141
WBGene00010899,11964,11526,11407,11401,11680,11647,11647,15878,15233,15318,15324,2482,16558,2478
WBGene00010925,12547,12561,12189,11907,11770,11267,11299,12101,12197,12484,12462,8902,9029,8851
WBGene00010977,13037,12678,12972,12423,12763,12428,12691,15445,14504,14980,15053,12444,12941,12557
WBGene00010994,8458,8969,8325,8622,8512,8585,8502,11712,11393,10954,11341,10870,10987,10890
WBGene00011006,8526,8293,8373,8368,8011,8021,7456,6624,6288,6870,6693,6912,6457,6789
WBGene00011076,11267,10441,11565,10581,11099,9309,9788,7404,7670,7790,7778,6575,6915,7084
WBGene00011083,8387,8194,8459,7852,7931,7735,7182,8545,8507,8405,8385,7158,7071,7132
WBGene00011094,9217,8781,8786,9048,9367,9084,8482,8540,7995,8287,8237,7884,7379,8048
WBGene00011102,3834,3801,3730,3649,3698,3493,3534,13684,13990,13486,13800,9304,9100,9447
WBGene00011167,10029,9943,10450,10069,10159,9105,8778,7595,7308,7601,7387,6741,6746,7044
WBGene00011181,14195,14293,14471,13998,14649,14298,14395,13115,12796,13216,12898,11882,11478,12332
WBGene00011182,2859,2791,2832,2935,2951,16308,2519,2519,2553,16647,2680,13526,13476,13013
WBGene00011207,11599,10881,11448,11063,11413,10884,10435,13724,13873,13815,14113,6976,7002,7401
WBGene00011212,14524,14477,14031,13639,14207,13273,13152,7426,7249,7672,7665,7153,7115,7383
WBGene00011217,15166,14651,15178,15339,15455,15464,15605,13391,12901,12975,13278,13491,13385,13183
WBGene00011262,9077,9057,8507,9162,8432,8623,8624,6740,7278,7295,7048,6598,7031,6831
WBGene00011268,11685,11569,12209,11222,12151,11533,11700,13878,13393,13400,13316,14721,15395,15139
WBGene00011292,3989,3909,3938,3877,3799,3829,3849,4479,4409,4340,4384,4252,4266,4332
WBGene00011321,9697,10467,9330,10000,9865,9798,10674,7041,6694,6585,6671,6369,6335,6759
WBGene00011330,3103,3149,3007,3093,2995,16263,2942,2506,2480,16221,2457,11214,10665,12210
WBGene00011364,9211,8905,9222,9368,9084,9085,9218,12362,12088,12413,12338,7364,7472,7649
WBGene00011374,15252,15206,15531,15376,14775,15014,14593,13434,13296,13556,12794,13451,12830,11893
WBGene00011399,8077,8599,8620,8319,8367,8122,8098,11282,11956,12073,11379,8814,8686,8884
WBGene00011423,3956,3764,3941,3739,3565,3625,3465,4584,4406,4348,4391,4218,4206,4277
WBGene00011427,8021,7726,7848,7982,8267,7964,7652,11014,11333,11129,11529,8139,8383,8804
WBGene00011430,9210,8532,9157,9314,9133,8501,8928,8010,7608,7352,7930,7755,7581,7811
WBGene00011437,12339,12033,12200,12375,11351,11692,11210,10282,10283,10027,10302,11667,10716,11172
WBGene00011480,4328,4185,4317,4142,4257,4226,4203,4679,4583,4512,4560,4331,4384,4515
WBGene00011487,9190,8111,8118,9422,8640,7537,7744,7514,6768,7424,7375,6434,6186,6648
WBGene00011495,13993,13644,13134,14039,13916,13610,13926,12748,11934,12169,12769,10825,10460,10621
WBGene00011524,7586,7427,7290,7124,8194,8290,8031,8874,8922,8835,8904,12077,11848,13316
WBGene00011571,3952,3825,4023,3922,3893,3875,3904,3569,3325,3494,3300,4180,4245,4207
WBGene00011578,10300,10377,10508,10338,10175,9866,9885,9028,9281,9335,8830,8598,8202,8818
WBGene00011638,15924,15991,15920,15792,16090,16104,16115,3738,3539,3528,3534,2789,2783,3093
WBGene00011672,13774,13280,12432,13232,13118,13508,14353,2849,15938,16067,16275,16640,16056,15431
WBGene00011725,9237,9624,9218,9006,9054,9109,8515,13096,13924,13508,13540,9632,9477,10012
WBGene00011733,11356,12225,12414,11190,13346,13567,13822,10132,9627,9878,9351,8519,8856,8701
WBGene00011737,4342,4274,4285,4197,4353,4271,4306,4682,4606,4553,4605,4387,4406,4632
WBGene00011756,12194,11986,11849,11913,11877,12002,12013,14958,14824,14746,14651,14587,14628,14072
WBGene00011801,3177,2602,2710,2739,2691,2926,3049,16107,16029,16669,16116,15623,14887,15118
WBGene00011803,10377,9864,9839,9226,10330,8625,8753,6819,6639,7313,6873,6879,6331,6998
WBGene00011821,11971,11388,11550,10853,11726,10588,11072,11029,10320,11085,10835,9327,9209,10059
WBGene00011835,14206,14312,14079,13837,13994,13592,13675,16151,15871,15968,16147,15243,15228,15405
WBGene00011844,8294,7625,8228,7836,7946,7865,7803,16391,16579,15856,16496,10252,9994,9442
WBGene00011852,6316,6650,6478,6594,6678,6353,6360,6522,6516,5790,6783,5351,5643,5854
WBGene00011853,5059,5065,4734,4996,4908,5122,4853,6035,6238,5494,6390,4634,4662,4903
WBGene00011893,13926,13282,13921,13774,13714,13401,13069,8059,8092,8185,8512,7427,7781,7897
WBGene00011932,16157,15252,15956,15724,15168,15270,14334,3368,3154,3005,3237,15945,15766,15889
WBGene00011936,13668,14448,14237,13573,15304,15118,15342,12228,12423,12827,12071,8210,8269,8757
WBGene00012017,7238,7221,7603,6877,7604,7523,7550,8399,8295,8187,8463,7508,7782,8006
WBGene00012018,4549,4423,4552,4419,4564,4485,4488,4665,4542,4542,4561,3712,3935,3979
WBGene00012070,11601,10929,10844,10843,10423,11272,10914,9563,9020,9305,9464,8092,8249,8380
WBGene00012101,9658,9685,9515,9616,9343,9282,9363,15616,15022,14897,14866,13018,12176,12219
WBGene00012144,3613,3607,3249,3643,3378,3164,3459,4234,4100,4057,4084,3356,3177,2794
WBGene00012162,9933,9369,9532,9703,9813,9871,9780,12681,12334,12508,12483,9942,10371,10505
WBGene00012182,12627,13096,12718,12562,12335,12656,12563,16203,15745,16165,15836,15635,15388,15679
WBGene00012201,9405,10086,9102,9277,9725,9225,9504,7238,7177,7098,7293,6549,6518,6776
WBGene00012241,11143,11472,11667,11048,13601,12034,12581,12039,12251,12170,12233,13493,13707,14303
WBGene00012251,8487,7711,8436,7968,9004,8246,8409,6523,6735,6927,6807,5947,6068,6347
WBGene00012253,2855,2826,2842,16388,3268,2429,2765,12655,13206,13271,13063,9072,9842,10052
WBGene00012295,8743,8170,8700,8408,8461,8709,8670,10533,10040,10371,10264,8729,9118,9001
WBGene00012319,12680,12633,12776,12507,13137,13086,13690,15078,14726,15048,14599,14368,14433,14402
WBGene00012323,5067,5063,4860,4866,4943,4878,4955,5837,5697,5592,5618,4675,4870,4849
WBGene00012332,10987,11185,11314,10904,11858,12334,12338,9702,10107,10226,10201,10501,10495,11895
WBGene00012360,13816,14593,14534,13979,15043,15230,15565,15498,16166,15154,15879,2971,2881,3000
WBGene00012387,6913,7634,6912,6750,7218,7392,7405,9282,9475,8782,9546,8248,8629,9253
WBGene00012404,10758,9813,9795,10157,10866,10223,11306,7714,7610,7305,7913,6382,6347,6948
WBGene00012407,13234,12964,13026,12815,13720,12643,13222,9239,9326,9218,9371,9452,9231,10129
WBGene00012464,10764,10322,10698,10125,10930,10769,10321,14532,14115,13872,13720,11509,12093,12648
WBGene00012467,7421,7218,7040,6904,6798,7596,7609,10099,9522,8713,9179,7813,7847,7477
WBGene00012472,13840,13401,13895,13276,15616,16238,15940,15255,15206,15278,15153,15555,16033,3059
WBGene00012518,8693,8551,8427,7942,7813,8471,8570,12913,13755,12598,13821,7295,7298,7410
WBGene00012525,9276,9210,9323,9047,9364,9409,9144,11185,11055,10971,11682,9144,8813,9413
WBGene00012529,15345,15657,15237,15089,14960,14134,14096,14912,15146,14825,15387,10798,10163,10349
WBGene00012531,16375,15948,16022,16307,16503,16234,16334,2526,16290,2423,16702,12602,11898,12446
WBGene00012533,8786,8389,8332,8406,8487,8582,7919,7244,7361,7061,7505,6249,6137,6993
WBGene00012582,7412,7752,7677,7136,7884,7622,7775,8292,8485,8416,8553,5945,5970,6438
WBGene00012629,7935,7631,7484,7714,7701,7999,7944,9615,9894,9936,9812,8476,8091,8420
WBGene00012634,8418,8373,8229,8749,8728,7981,8751,7418,7067,7437,7258,10782,10668,10614
WBGene00012664,15121,15021,16095,14136,3696,2958,3001,3840,3899,3876,3843,2458,2965,4030
WBGene00012668,13161,12721,12625,12892,13094,12959,13279,14306,13601,14003,14176,15646,15948,15983
WBGene00012699,6287,6598,6144,6044,6549,6124,5880,6565,6995,6982,7025,5772,5745,5797
WBGene00012782,3357,3439,3008,3173,3287,2760,2966,3512,3514,3372,3465,15893,15464,15772
WBGene00012791,6924,6341,6745,6597,6970,6753,6792,7902,7817,7975,7978,7818,7741,7956
WBGene00012802,9869,9636,10237,9272,12621,12979,12907,10303,10312,10755,10551,10224,10434,10527
WBGene00012834,10347,10475,10489,10251,11007,10350,10218,7266,7417,7130,6978,7753,7832,8215
WBGene00012968,12865,13215,12835,12756,13374,12717,12744,8881,9597,9203,9435,8738,8862,9061
WBGene00012970,14539,13762,14083,14628,14636,14248,13900,12340,11311,11920,12102,11242,11534,12079
WBGene00012972,11072,10982,10983,10698,11418,10947,11158,12561,12799,12816,12729,12833,13451,13979
WBGene00013025,4475,4389,4492,4368,4508,4429,4452,4726,4638,4604,4645,4426,4461,4629
WBGene00013037,13492,13944,14113,13489,12317,11821,11793,9175,9102,9696,9461,7476,7532,8221
WBGene00013073,6922,5873,6471,5908,6339,6656,6382,7552,7284,8618,7952,6057,6582,6391
WBGene00013080,14309,14601,14475,13522,14969,13805,14167,13664,13880,13841,14397,7887,8420,8648
WBGene00013101,5823,6173,6785,5367,6756,5653,5495,5387,5016,5006,5040,5006,4972,5243
WBGene00013119,14077,13482,13742,13345,12638,12180,12428,15032,14343,14566,14718,12265,11919,11490
WBGene00013167,11639,11862,11038,11631,14412,14173,13834,12092,11996,11616,11891,11289,11730,11878
WBGene00013189,15083,15351,15564,15157,15782,15695,15929,3137,3012,3013,2788,3162,3467,3580
WBGene00013197,13219,12592,13187,12434,12272,12556,12731,15468,15275,15302,15414,14778,14843,14737
WBGene00013207,8069,7540,7999,7470,8219,7479,7472,5969,5514,5788,5710,5502,5541,5840
WBGene00013227,13108,12819,13051,12801,14211,14009,14027,15094,15097,15175,15304,12011,11913,13463
WBGene00013228,14536,14379,14391,13846,15532,15477,15429,16302,16319,16204,16255,16295,16280,2691
WBGene00013257,9832,9632,9717,9233,9285,8890,8874,10588,10084,10494,10582,7008,7485,7835
WBGene00013295,9488,9575,9078,8988,9326,9175,9123,11974,11538,11927,11707,10440,10272,9825
WBGene00013448,13170,13124,12948,12717,13512,13144,13298,15291,15385,15400,15237,14411,13977,14580
WBGene00013484,10931,10731,11338,10656,10842,10914,10602,14593,14280,14240,14219,11329,10905,11496
WBGene00013544,12440,12299,11967,11870,15474,15461,15072,13090,12925,12632,12730,12920,12790,13641
WBGene00013559,7000,6979,7672,6940,7202,7118,7055,10819,10694,10621,10826,6851,6686,6808
WBGene00013567,5765,5692,5705,5628,5984,6035,6112,7536,7057,7034,7235,7137,7372,7890
WBGene00013602,8407,8324,8535,8725,8959,8782,9000,8533,8794,8462,9279,9854,9971,10661
WBGene00013650,14365,14805,15260,14386,15809,14905,15694,13233,12571,13481,12799,13546,13835,14122
WBGene00013716,15021,14182,14693,14262,14130,13869,13420,15724,15844,15675,16203,8496,8526,9372
WBGene00013750,8052,7538,7776,7750,8041,7669,7875,7213,7432,7041,7253,6290,6393,6788
WBGene00013822,8311,7960,7676,8143,8062,7885,7767,8136,7607,7658,7813,6458,6433,6673
WBGene00013836,10585,10310,9971,10344,10015,9489,9644,12867,12657,12614,13114,11791,10980,10997
WBGene00013837,5830,5458,5761,5586,5656,5830,5717,8831,9002,9062,9063,5700,6279,6090
WBGene00013874,9477,9674,10182,9367,9645,9532,8887,6335,6065,6175,6183,6208,5987,6381
WBGene00013900,12059,11726,10657,11731,10847,10390,11592,14330,14578,14269,14824,8646,8320,8850
WBGene00013901,9515,8661,8621,8831,8433,8374,8485,9963,9531,9656,9757,7042,7293,7094
WBGene00013906,14005,13089,13211,13915,13269,12608,12274,10937,9502,10775,10570,11532,11490,10563
WBGene00013947,10370,10363,10942,9824,10725,10027,9223,10796,10509,10145,11027,13768,13949,13192
WBGene00013976,8829,8236,8438,8435,8103,7946,8064,5980,5840,6069,6076,5770,5729,6156
WBGene00013996,13893,13443,13729,12680,14812,14427,14475,14894,14492,14430,14520,11031,11492,11743
WBGene00014057,8580,8868,8095,8752,8533,8359,8810,8336,8653,8417,8506,6831,6263,7227
WBGene00014063,6636,6132,6886,6152,5927,6188,5820,5292,5176,5087,5131,5008,4969,5231
WBGene00014106,9898,10455,9788,10102,9456,9300,9489,12125,12424,12256,12221,9086,9592,9134
WBGene00014136,14748,14930,13959,14590,13455,13663,15582,2591,2689,16681,2564,9029,9453,9171
WBGene00014137,8450,8533,8842,8085,8270,8516,8187,11202,10801,11430,10955,8260,8595,8779
WBGene00014138,13210,13066,12669,12032,12685,11931,11706,10834,10895,10837,11269,7647,8413,8694
WBGene00014164,13303,13429,13202,12340,13109,13254,13606,2824,3086,2804,3012,13439,13075,13331
WBGene00014193,1564,1339,1377,1349,1381,1371,1369,2396,1776,2121,1800,1339,1443,1500
WBGene00014194,6546,6247,6456,6174,6664,6250,6790,13714,12730,12358,12442,6051,6345,6790
WBGene00014252,16444,2649,16441,16318,16452,15539,16131,8106,8110,8731,8000,7880,8027,8647
WBGene00014669,13345,13504,13319,12838,12567,11949,11892,14139,13871,13652,14217,10740,10401,9906
WBGene00015047,4369,4203,4370,4240,4216,4132,4078,4010,3845,3883,3827,4234,4233,4196
WBGene00015048,11714,11946,11811,11217,11108,11078,11339,2946,16691,16567,16552,11951,11423,11430
WBGene00015050,10673,11200,10945,10519,9953,9472,10039,11881,11256,11727,11827,6877,6830,7497
WBGene00015110,9094,9421,8916,8971,8786,8865,8679,10031,9867,10052,10543,6635,6759,7130
WBGene00015116,13185,12968,13570,13112,13833,13480,13351,11381,10596,11663,11661,10754,10901,11402
WBGene00015119,1405,1385,1431,1408,1435,1423,1424,1863,2132,1905,1893,1700,1794,1540
WBGene00015206,3296,3139,3173,3036,2934,2859,2637,4086,3925,3972,3976,3493,3524,3506
WBGene00015220,13104,12796,12500,12897,13663,12458,13502,3969,3900,3872,3973,13137,12864,14194
WBGene00015279,9019,8458,9051,9419,8584,8772,8253,7203,7107,7193,7691,6454,6353,6828
WBGene00015284,10275,10096,9252,10075,9754,9451,9696,11105,11082,11076,11146,8808,8636,8112
WBGene00015338,5460,6147,5488,4781,4950,4699,5323,2280,2280,2229,4777,2208,2223,2274
WBGene00015342,5806,5357,5710,5249,5234,5198,5195,4957,2297,2315,2355,2299,2325,2380
WBGene00015362,10915,10516,11150,10634,11076,9947,10511,13688,12607,13312,13008,15809,15112,15115
WBGene00015400,8968,8444,9110,8970,9738,9160,9381,11393,10644,11257,11187,7553,7212,7346
WBGene00015403,7933,8179,8503,7693,8118,7604,7855,6652,6756,6438,6831,6314,6902,6506
WBGene00015469,11897,11716,11546,12138,11992,10111,11270,8706,8510,9222,8491,6861,7098,7893
WBGene00015471,14980,14880,14789,15114,15126,14536,14728,13957,13363,14052,13894,11366,11446,10882
WBGene00015561,16262,16193,16293,16113,2531,16675,2623,3888,3853,3846,3770,3166,3023,3699
WBGene00015565,15525,15953,16184,15185,16562,16505,16336,13877,13852,14508,13907,14493,14665,16050
WBGene00015598,5319,5086,5154,5009,5059,5014,5387,6539,7193,6877,7040,4868,4915,5178
WBGene00015602,8781,8851,8450,8756,8587,8218,8473,9872,10266,9340,9892,6460,6729,6755
WBGene00015605,11044,11065,11288,10938,12190,12578,12730,12138,11800,12416,12145,13334,13377,15383
WBGene00015608,13428,12687,13253,12538,12867,12470,12321,13603,13167,13302,14097,7138,7283,7678
WBGene00015677,6855,7024,7285,6868,6884,7304,6846,9950,9718,9601,10018,9794,10155,10222
WBGene00015693,9719,8035,9744,9193,9705,9574,9245,9284,8544,8974,8785,11827,12107,10975
WBGene00015695,11791,11527,12167,12540,12297,11591,11660,14003,12453,12823,12654,2910,3286,16673
WBGene00015701,9844,9304,9640,9244,9997,9496,10201,11746,11739,12319,11863,10987,10299,11298
WBGene00015713,3804,3411,3879,3410,3907,3695,3718,4470,4381,4377,4433,16440,2511,3658
WBGene00015728,10766,10138,10673,9841,11377,10993,10794,8728,8336,8159,7981,8219,8644,9107
WBGene00015759,9694,11234,9153,9509,9969,9543,10232,8240,8217,8338,7866,7334,7190,8396
WBGene00015768,8869,8723,9442,9043,9149,8517,9111,8438,7890,8106,7746,7216,7598,7658
WBGene00015783,12487,12184,13163,12526,12770,11970,11649,9172,8616,9439,8959,9876,9053,10545
WBGene00015784,9270,8832,9091,8659,8466,9197,8638,8267,8051,7715,8267,7460,7696,8060
WBGene00015789,9721,9914,9588,9185,10483,10459,10350,9210,8908,9049,8850,9221,9147,9962
WBGene00015800,12671,12644,12905,12761,13152,13441,13442,14052,14442,13918,14073,15289,15341,15898
WBGene00015823,3251,2950,3293,2647,3408,3144,3385,4316,4221,4173,4238,4040,4080,4565
WBGene00015829,4713,4794,4728,2347,2299,2303,4653,5699,5903,5797,5886,2332,2262,2317
WBGene00015889,10803,10367,10834,10487,10988,11329,10844,9117,9019,9043,9333,8107,8331,8210
WBGene00015913,4260,4074,4255,3961,4226,2954,3766,4681,4566,4570,4589,13523,14724,14832
WBGene00015928,13513,13326,13414,13204,12431,12403,11924,15677,15287,15104,15078,15209,14943,14866
WBGene00015933,13906,13757,12917,13070,12435,11218,11880,8162,8000,7621,7717,8618,8393,8639
WBGene00015947,13977,14375,13184,14060,13759,13725,13625,2721,2462,16534,2606,15577,14893,13874
WBGene00015955,15242,15214,15551,14815,16068,16079,16125,3479,3742,3508,3472,2771,2969,3911
WBGene00015956,3069,3148,3210,2749,3253,2822,3114,4342,4277,4176,4303,12345,12907,13439
WBGene00015988,2262,4676,2376,2317,5005,2375,2382,5086,5238,4743,5214,5268,5082,5571
WBGene00016004,15237,13975,14568,14003,13841,13737,12739,11758,11906,12150,12695,7383,7970,7907
WBGene00016027,10109,9838,10118,10117,11088,9255,9463,8332,8624,9028,8625,7122,7154,7265
WBGene00016052,16387,2809,16555,16495,16617,2453,2452,10293,10565,10049,10354,8474,8779,9385
WBGene00016061,3845,3860,3760,3722,3620,3474,3722,3901,3698,3410,3654,16651,2486,16372
WBGene00016064,8405,8720,8156,8764,7949,8411,8622,2561,2526,16488,2598,10445,10108,9902
WBGene00016074,8292,7932,8510,7904,9009,8383,8598,9431,9509,9495,9356,9821,9981,10656
WBGene00016111,7642,7847,7707,7559,8413,8396,8259,10075,9412,10165,9398,11723,12076,11721
WBGene00016134,15793,15879,15720,15566,15870,15249,15430,10291,11002,10513,10852,12944,13105,13037
WBGene00016191,10349,10751,10225,10850,10476,10585,10208,11012,11057,10703,11105,9225,9368,8703
WBGene00016217,8007,8415,8140,8077,8224,8236,8091,6052,5973,6375,5887,5667,5799,6021
WBGene00016218,10319,10873,10494,10817,10763,10064,11186,15162,15251,14772,15525,13251,12045,12586
WBGene00016219,10489,10523,9624,10420,10258,10118,10582,14715,14661,14150,14873,12707,11356,11428
WBGene00016274,9172,9274,9341,9145,9048,9218,9440,11210,11191,10389,11244,13033,12040,12942
WBGene00016302,5032,4942,5187,5035,5203,5168,5079,6126,6083,5338,5873,4863,4810,5075
WBGene00016315,13398,12981,13347,13162,12966,13026,12873,15304,14947,15211,15071,15432,14814,15144
WBGene00016335,15217,14148,15144,14194,15136,14343,14103,15399,15020,15399,15339,7752,7784,8364
WBGene00016379,14734,15550,14929,14500,14840,14884,14884,3657,3397,3334,3446,2575,16641,2932
WBGene00016425,9864,8736,8688,8905,9357,9167,9137,12728,13416,12230,12646,7631,7690,8066
WBGene00016431,8986,8831,9167,8582,8857,8262,7953,6360,6300,6583,6446,6443,6421,6679
WBGene00016450,11303,11861,10899,11937,12353,12326,12943,13471,12824,12293,12525,7929,8570,8219
WBGene00016542,16584,16560,16525,16377,15286,15022,15241,3955,3776,3738,3837,16301,16375,16161
WBGene00016544,7411,7372,6920,7500,6732,6991,7168,7731,7199,7178,7653,5693,5736,6027
WBGene00016556,4934,5116,5125,4749,5272,4747,5367,4984,2341,2385,4835,2201,2210,2359
WBGene00016599,9905,10660,9910,9832,10774,10158,10334,12790,12758,12017,12884,9435,10043,10402
WBGene00016705,10248,10615,10372,10035,10434,10422,10175,8633,8812,9312,8928,8783,8797,8987
WBGene00016757,12302,11910,11885,12113,11218,11420,11085,10991,10496,10376,10801,7110,7315,7595
WBGene00016758,10299,10237,10776,10419,10675,10406,10309,9263,9103,9454,9498,8590,8622,9220
WBGene00016759,15721,14892,15179,14318,14926,14473,13880,16191,16102,16380,16522,16493,16696,16603
WBGene00016845,11426,11653,11376,11729,12926,11978,12884,13350,13656,14305,13633,9977,10294,12041
WBGene00016883,12577,12800,12828,12435,12509,11548,11932,12760,12568,12909,12852,7135,7163,7615
WBGene00016888,15837,15485,16034,16009,15980,15870,16130,2522,16413,16362,16590,3042,3496,3528
WBGene00016912,8381,8530,7179,8124,8087,7262,8229,6627,6439,6350,6348,5825,6192,6400
WBGene00016934,16656,15607,16336,15783,15519,16161,15401,3642,3680,3609,3417,16539,16619,2527
WBGene00016939,11500,11710,10824,11225,9742,10819,10681,13832,13965,13759,13988,10045,9579,9707
WBGene00016976,9875,9487,9613,9362,9655,9823,9592,12003,12004,11942,12001,12107,11949,11700
WBGene00016987,10536,10179,10729,10126,12851,12648,12343,11071,10581,11390,11200,13557,12314,14272
WBGene00016997,14498,14044,14102,13940,16007,16034,16553,3096,2737,2785,2717,3347,3647,4097
WBGene00017027,10677,10433,11182,10145,11149,11306,10633,8330,8729,8619,8541,9373,9130,9186
WBGene00017071,2758,16570,2791,2659,2707,16469,2520,13343,12938,13934,13088,9075,9093,9092
WBGene00017093,4937,4806,5051,2352,5218,4817,1979,2284,1957,1965,1980,1925,1971,2003
WBGene00017241,12414,11420,12691,11685,11396,11675,11686,13415,13340,12977,13333,14331,14555,14396
WBGene00017257,7329,7356,7352,7221,7343,7279,7420,7646,7236,7016,6899,6427,6221,6424
WBGene00017291,3639,3253,3480,3247,3210,3254,3111,15700,15543,15834,15765,14693,14504,14986
WBGene00017302,13951,13332,13131,13094,14752,14131,14017,2640,2552,2623,2677,14553,14919,16237
WBGene00017332,4252,3489,3983,4047,3871,3508,2728,16640,15440,2546,2996,16480,16675,3181
WBGene00017334,8191,7432,7658,7422,8571,8178,8108,10768,9116,9756,9662,10585,10002,9965
WBGene00017369,16197,2435,16236,16075,16604,16503,16516,14197,14494,14405,14405,13332,13904,14218
WBGene00017427,13218,13348,13032,12731,13240,13033,13401,13223,13284,13144,13280,10356,10483,10846
WBGene00017434,14367,14359,13872,14012,14289,13498,13722,14150,14887,14671,15045,11341,11760,12115
WBGene00017443,9235,9161,9208,9430,8919,9050,9131,10079,9978,10053,10314,8502,8538,8692
WBGene00017448,2965,2749,3043,2707,2668,2518,2431,3800,3711,3662,3703,3485,3511,3622
WBGene00017449,12342,11906,12041,12485,11628,11694,11408,14013,14029,13959,13817,14078,13568,12923
WBGene00017501,15465,15118,16591,14930,3036,2638,2877,16700,16277,2395,2491,10122,10811,11399
WBGene00017515,12679,12324,12313,12456,12735,12071,12419,10393,10418,10261,10317,8049,8060,8660
WBGene00017522,5661,5616,5725,5534,5838,5807,5813,11684,11977,11788,11774,5579,5619,5963
WBGene00017574,14861,14907,14948,14952,14852,13553,13663,12477,11827,12199,12380,11575,11422,11684
WBGene00017592,8474,9026,8913,8978,8452,8067,8572,11222,11687,11148,11886,6612,6506,6943
WBGene00017612,6899,7106,7411,7034,7511,7446,6999,6580,6928,6886,6579,6132,5790,6742
WBGene00017625,8630,8397,8154,7925,8458,8171,8051,7800,7931,7875,8375,6217,6185,6466
WBGene00017651,10653,10809,10973,11121,11109,10774,10658,14256,14366,14394,14482,10359,10541,10539
WBGene00017667,10165,9966,9960,10241,10678,10389,10361,12422,11530,12601,11769,8462,8521,8540
WBGene00017678,8711,8760,8368,7827,8636,8497,8191,12404,12867,12455,12953,7467,7642,8467
WBGene00017687,15088,15094,14902,14552,14817,13930,14293,2682,2721,2529,2867,9845,9779,10225
WBGene00017726,9793,9794,9940,9911,9999,9367,9902,12528,10986,11700,10872,13684,14010,13035
WBGene00017765,2880,3266,3231,2974,3389,3263,3410,16300,16432,16507,16120,15776,16312,16158
WBGene00017771,12413,12240,12635,12499,13930,13389,13931,11733,11300,11955,11505,12252,12868,13177
WBGene00017837,13321,13221,13181,12988,12037,12087,12197,15091,14802,14434,14762,14122,13902,13613
WBGene00017881,13010,13214,13270,13586,13879,11781,12572,7219,6767,7806,7363,6933,7272,7439
WBGene00017892,10481,11478,10454,10640,13678,11891,13579,3029,2793,2877,3164,9983,10734,11328
WBGene00017905,11651,10826,11326,10857,10775,10652,10076,10829,10772,10523,11085,9192,8641,9096
WBGene00017957,11850,11193,11856,10679,11492,11378,11094,12235,12169,12740,12572,9389,9263,9799
WBGene00017969,2902,16476,2911,2919,16594,16667,16360,3944,3872,3937,3971,13418,13027,13307
WBGene00017971,12795,12381,12584,12686,12691,12059,12389,2557,16181,16349,16434,14634,14198,13996
WBGene00018024,15921,15664,15719,15224,3403,3396,3552,16441,16311,16364,16437,16583,2690,3569
WBGene00018036,13481,14642,13002,13190,13405,12842,12564,12633,12862,12024,12671,10436,10333,10850
WBGene00018138,7681,7283,8218,8091,7616,7500,7151,8449,8555,7929,8369,6678,6193,6377
WBGene00018146,11794,12216,12072,11646,12810,12693,13121,9900,9674,10217,9972,8089,7963,9075
WBGene00018152,3189,2988,3247,2861,2982,3020,3073,4308,4201,4113,4185,3826,3901,4013
WBGene00018195,9525,9208,9677,9097,9281,9744,10036,6804,6337,6483,6725,7105,7081,6901
WBGene00018200,7767,7396,7473,6917,7050,7526,6749,5637,5565,5646,5757,5460,5509,5690
WBGene00018207,7077,7105,7341,7165,7339,7325,7449,8898,9069,9421,9125,7637,7659,7851
WBGene00018226,14593,14128,14416,14562,13946,14130,14111,16464,16392,16632,16638,15116,14921,15428
WBGene00018241,8216,8466,8512,8385,8656,8640,8615,8948,8808,8534,8587,7217,7593,7772
WBGene00018274,13936,13816,13991,13480,13527,13728,14133,16113,16116,16196,15864,16345,15991,2551
WBGene00018280,7868,8128,8351,7804,7833,7235,7645,9256,9009,8985,9325,7151,7327,7612
WBGene00018283,5882,6025,5735,6167,5903,5873,5867,6683,6946,6709,6952,7085,7143,7118
WBGene00018343,11806,10569,11267,11591,11928,13455,12529,10727,11282,11814,12004,8888,9088,10213
WBGene00018350,3980,3781,3893,3770,3935,3788,3727,4521,4414,4372,4443,3014,3343,3632
WBGene00018353,7188,6850,6942,7017,7607,6913,6557,15096,15520,15050,15421,6301,6583,6804
WBGene00018384,14679,15547,14333,14862,15716,15971,16046,8224,7469,7490,7572,7673,7650,8085
WBGene00018398,14668,13600,14252,14232,13892,14022,14014,3710,3446,3557,3521,2615,2426,16645
WBGene00018435,9066,9065,9524,8908,9050,8946,9197,7816,8412,7698,8466,6386,6429,6756
WBGene00018466,14234,14421,14448,14705,13648,14111,14321,12590,12265,12100,11999,12354,12343,12015
WBGene00018547,9328,9190,9863,9039,9720,9177,9392,3046,3093,2809,2768,11755,11664,12270
WBGene00018595,6627,6079,6345,6178,6360,6476,6326,7587,7376,7389,7384,7801,8066,7324
WBGene00018602,3944,3575,3410,3935,3323,3039,3357,2724,2762,2673,2799,15966,16185,2626
WBGene00018636,7706,7994,7944,7193,8084,8108,7698,10434,10027,10101,10374,10712,10491,10231
WBGene00018645,9134,9702,8286,8742,9447,8806,9312,9287,8152,8112,7610,6325,6820,6855
WBGene00018646,6873,7326,7124,6852,7455,7191,7784,8129,8397,7946,7828,5811,5940,6370
WBGene00018683,7324,6959,6561,7235,6724,6752,6155,6460,6294,6439,6509,5806,5773,6246
WBGene00018704,10759,10656,10986,10702,10659,11157,10950,13186,12971,12759,13011,12411,12119,12896
WBGene00018731,4556,4465,4559,4443,4562,4491,4507,4277,4139,4169,4067,4433,4459,4620
WBGene00018732,12457,12243,12507,12883,12811,12972,13132,12143,12291,12298,11817,16421,16474,16688
WBGene00018760,3602,3112,3572,3084,3149,3198,3189,8329,8376,8071,8424,7473,7969,8616
WBGene00018779,11860,11377,11864,11345,11094,10285,9991,7417,6748,7288,7427,6710,6706,7454
WBGene00018806,7075,6630,7083,6902,7534,7365,7196,8139,8159,8204,8305,8134,8333,8702
WBGene00018823,12799,13056,13683,12914,12256,11912,12253,10364,10549,10339,10562,9849,10246,9873
WBGene00018886,14016,13854,13905,13675,13468,13451,13423,14098,14314,13923,14226,11795,12152,12441
WBGene00018903,6795,6641,7172,7236,6831,6872,6598,7065,6282,6644,6541,7942,7985,7992
WBGene00018907,14357,14097,13400,12905,12864,12175,11591,13464,13392,13373,13385,11114,10837,10835
WBGene00018931,9880,9828,9462,9426,9594,10196,9856,12619,13235,12595,13062,7285,7107,7859
WBGene00018971,9038,9775,9158,8516,9579,8531,8627,8869,8869,9184,8911,6884,6910,6876
WBGene00018991,6960,6741,6680,6735,6861,7317,7134,9073,8870,8730,8814,8799,8803,8681
WBGene00019014,10272,11011,10532,10498,11085,11123,11207,12679,12060,12351,12860,9019,8809,8865
WBGene00019017,15373,14954,15627,14944,3632,3314,3314,3175,2648,2827,2895,9360,9869,9987
WBGene00019068,11256,10616,11112,10696,12036,11493,11318,9471,9601,10188,9993,9069,9882,9843
WBGene00019097,16576,16403,16494,16555,2903,2531,2743,8186,8414,8447,8249,7507,8283,8878
WBGene00019100,7364,7541,8172,7533,7938,7908,8629,9703,8962,9314,8957,9323,9358,9560
WBGene00019104,5784,6558,6082,6431,6521,6775,6875,5243,5053,5128,5174,4961,5006,5275
WBGene00019105,15758,15647,15493,15122,15548,15744,15884,11311,11133,10870,10915,10982,12058,12164
WBGene00019127,2955,2500,2752,16645,16585,16434,16347,3719,3450,3510,3510,3116,3009,2816
WBGene00019164,12181,12123,12306,11760,12107,11409,11906,9312,8725,8682,8469,9627,9342,9452
WBGene00019166,16423,16242,16173,16151,15981,16128,16213,4432,4238,4166,4270,3965,3911,3775
WBGene00019211,13676,13661,14034,14387,14895,14361,15248,14595,14256,14616,14579,16467,16002,2902
WBGene00019215,6466,6016,5911,6138,6230,5728,5583,5225,5192,5021,5246,4946,4995,5160
WBGene00019225,11052,11825,11189,10872,12046,10323,10728,11281,11357,11191,11217,7317,7483,7942
WBGene00019261,10908,12833,10806,11115,12583,12898,14254,10139,10628,9632,10654,7586,7396,8084
WBGene00019273,12189,11600,11548,10579,11986,11115,10871,13816,15049,13569,14568,11331,10777,12367
WBGene00019327,4481,4356,4488,4374,4543,4466,4479,4698,4590,4556,4607,4492,4517,4725
WBGene00019344,11970,11463,11883,11187,11584,11995,12072,14287,13930,14181,13818,12368,12425,11924
WBGene00019351,2581,16686,16684,16621,16670,16569,2468,3869,3804,3753,3793,2946,2714,2757
WBGene00019368,11600,12691,13929,11730,12568,13373,12517,7666,6619,7241,7071,7089,7351,7329
WBGene00019373,12631,11736,11848,11969,12009,11145,11456,15560,15506,15494,15724,15136,13939,14062
WBGene00019411,12204,12439,11964,11872,12806,12196,12839,16138,15450,15865,15359,14918,15154,15852
WBGene00019445,11200,10372,11017,10439,9490,9955,9186,9477,8967,9374,8970,9174,8691,9315
WBGene00019493,15112,14810,14662,14673,15067,14597,14988,14993,14702,14813,14583,11832,12709,11991
WBGene00019549,6188,6029,5997,6260,5670,5244,5548,5534,5298,5276,5312,4933,4892,5140
WBGene00019564,8709,8393,8371,8373,7866,8223,8655,12526,11048,11556,11302,13222,12915,11963
WBGene00019579,7272,6982,6435,6372,6463,6549,6266,7229,7203,7155,7298,6117,5947,6454
WBGene00019590,9216,9041,9282,9129,9337,9134,9383,6570,6275,6258,6342,6211,6092,6557
WBGene00019617,4011,3856,4078,3864,4107,3956,3927,12735,13455,12069,13626,8622,9032,10060
WBGene00019618,9722,9357,10041,9438,8898,9094,9042,8585,8471,8981,8612,8312,8410,8358
WBGene00019619,3941,3874,4013,3349,3812,3723,3487,10480,9764,10151,10544,9745,9595,11558
WBGene00019624,11950,12688,12327,12021,13167,13399,13937,15623,15768,15908,15622,15069,15147,15398
WBGene00019645,13712,13453,13812,13452,13760,13638,13528,15309,14669,15169,14404,16270,2588,16600
WBGene00019668,5692,5592,5194,5395,5141,5373,5800,5006,5156,4883,5010,4659,4761,4922
WBGene00019674,7999,8240,7727,7941,7817,7499,7408,5898,5526,5694,5820,5605,5554,5857
WBGene00019682,16625,3337,2512,2818,2466,16647,2693,3866,4015,3693,3946,8351,8600,9669
WBGene00019699,6375,6172,6800,5943,6386,6405,6240,5582,5133,5469,5428,5033,5258,5543
WBGene00019720,12766,12926,12830,12946,13195,13009,13484,14325,14589,14379,14464,9579,9157,9810
WBGene00019738,13495,13883,11976,12174,12542,11192,11798,13591,14276,13780,14132,8836,9122,9272
WBGene00019743,10770,10657,10996,10864,10945,10781,11108,14469,13784,14419,13879,14922,14552,14577
WBGene00019748,4016,3901,3947,3944,4332,4210,4184,4061,3921,3917,3997,3754,3605,3691
WBGene00019770,13350,13483,13466,13326,14018,14140,13968,14604,14438,14426,14444,15469,15710,15985
WBGene00019779,3109,3728,3050,3149,3571,3299,3478,15051,15978,15442,15474,9567,9814,10692
WBGene00019803,13177,12903,13338,13477,13747,13349,13219,11918,12192,12733,12095,8731,8381,8955
WBGene00019830,15570,15373,15490,15297,16337,15796,15750,2923,15137,15686,15386,10627,11773,9822
WBGene00019844,14224,14650,13850,13747,14081,14010,13652,2643,2616,2574,2644,15799,15549,16357
WBGene00019869,11034,10409,10258,10140,10566,10216,10189,9316,9548,9608,9612,8639,8711,8528
WBGene00019894,6733,6716,6869,6306,6750,6820,6714,9097,8901,8920,9027,9056,9134,8739
WBGene00019895,3785,3514,3659,3591,3697,3682,3625,3630,3623,3541,3710,16274,15663,15647
WBGene00019914,12008,12359,12412,11578,12992,11929,11715,10129,10125,10090,10222,6986,7437,8062
WBGene00019917,6598,6879,6528,6185,6771,7264,6741,9201,9463,8951,8617,5926,6135,6432
WBGene00019931,5640,6245,5905,5826,6025,6436,5976,9730,9454,9284,9350,6223,5957,6024
WBGene00019957,3646,3365,3382,3154,3494,2955,3261,4410,4323,4275,4363,16574,15553,16186
WBGene00019962,7744,7663,8303,7523,8014,7982,8549,8902,9543,9291,9429,8061,7995,8442
WBGene00019978,9313,8762,10305,9099,10366,9292,10020,10563,10322,11660,10774,7433,7335,8105
WBGene00019986,14162,14506,13901,14231,13730,12820,12345,7242,7183,7029,7136,7018,6911,7386
WBGene00020022,4006,3870,4111,3860,4002,3939,3853,2604,16568,2442,16646,16335,2513,2459
WBGene00020034,4875,4793,5103,4960,5100,2391,5116,2114,2071,2254,2202,2143,2078,2129
WBGene00020080,5921,6082,5958,5924,5551,5927,5787,5066,4982,5140,5090,4973,5018,5094
WBGene00020094,12796,12485,12719,12416,14613,14135,14332,14199,14331,14362,14470,14279,14508,16620
WBGene00020128,9153,9792,9476,9450,11649,8931,9225,3708,15866,15574,15805,7419,9270,8260
WBGene00020182,7653,7151,6971,7309,7098,7166,7359,6981,6743,7446,6754,5748,5703,6186
WBGene00020191,6927,7147,7235,6924,7375,6904,6898,5703,5824,5794,5725,5336,5365,5761
WBGene00020247,8984,8867,8989,8633,8943,8426,8569,8386,8263,8393,8271,7195,7172,7368
WBGene00020256,9346,10245,9731,9175,10005,9408,9683,9966,10290,9635,10236,6982,6642,7085
WBGene00020258,11722,11417,10751,11245,10618,9598,9698,9864,9483,9477,9932,6942,7543,7211
WBGene00020280,12086,11926,12257,11497,11912,11183,11534,13615,13640,13210,13406,7037,7132,7524
WBGene00020325,6732,7278,6925,6396,7169,7077,6660,9123,9495,9063,9316,5894,6190,6290
WBGene00020326,5969,6083,5606,5926,6113,5985,5378,5108,4905,4893,4928,4737,4766,5021
WBGene00020340,16484,16347,16621,16213,2576,16061,16354,2622,2858,2906,2815,8811,9418,9406
WBGene00020357,7499,6897,6796,6814,6509,6641,6555,11774,12066,11021,12085,5990,6133,6453
WBGene00020359,8796,8657,8633,8663,9165,8533,8522,9935,10315,10069,10243,7679,7736,7962
WBGene00020378,10785,10571,10586,11055,10433,10102,10520,9608,9046,9240,9556,9169,9235,8700
WBGene00020393,12035,13601,11888,13020,12463,12424,12648,8079,8306,8599,8350,6960,7461,7457
WBGene00020401,11223,10885,10978,10694,10882,10224,10541,9595,9194,9323,9222,9158,9898,9131
WBGene00020449,10505,10270,10298,10995,9915,9354,9701,12289,11734,11541,11993,6853,6799,7349
WBGene00020453,9213,9329,9271,9191,8979,8560,8628,9875,9376,9498,9795,7930,8438,7680
WBGene00020455,10187,10289,9895,10206,9600,9254,9661,12214,11873,11600,12172,9464,9702,8979
WBGene00020456,9914,10132,10003,10087,9682,9401,9377,12623,12176,11881,11789,10665,10906,10353
WBGene00020472,6670,6777,6436,6760,7059,7025,6882,9109,9319,9361,9304,6224,6009,6816
WBGene00020532,9319,9257,9551,9177,9455,9235,9632,13520,13507,13319,13916,8759,8665,8641
WBGene00020574,7233,7236,6979,7371,7180,6842,7029,6088,6106,5854,6004,5734,5983,6264
WBGene00020577,16371,16113,16419,16424,16020,15438,15584,12375,12003,12209,12183,11844,11751,11824
WBGene00020579,3494,3320,3655,3251,3354,3315,3256,4164,4256,3861,4192,2442,16500,16607
WBGene00020631,5137,4955,2329,5236,2336,2251,4759,1995,1938,1953,1967,1911,1953,1981
WBGene00020662,3178,3347,3462,2683,3766,3438,3637,9596,9189,8982,9759,8999,9256,10107
WBGene00020728,8250,7980,8274,7838,8157,8251,7482,6551,6346,7040,6494,6287,6119,6720
WBGene00020736,14547,15002,14925,14307,15187,15038,15512,16064,15957,16099,15846,2846,3002,3332
WBGene00020741,14229,14318,13398,14541,13637,13467,14982,10785,10838,10282,10492,11485,10914,11311
WBGene00020770,13408,13615,13717,12841,16025,16043,15878,15807,15480,15658,15656,13899,14377,15168
WBGene00020771,5101,5022,5104,4875,5198,5056,5151,7141,6899,7346,6768,5438,5048,5538
WBGene00020786,10881,10538,10339,10220,10270,10976,11050,9897,9493,9665,9572,11931,12056,12485
WBGene00020788,16609,16481,2505,16474,2507,16487,2479,14508,12409,12840,12473,8520,8499,9217
WBGene00020791,6478,6492,6452,6629,6898,6875,6780,11207,11281,11145,10823,8444,8231,8152
WBGene00020799,14460,14030,14572,13610,13767,13098,13021,11930,11689,11890,12063,15420,13954,13916
WBGene00020847,13721,13658,13514,13184,14050,13153,13181,12281,12119,11971,12323,9755,9395,9521
WBGene00020938,7167,7250,7378,7527,7108,7162,6981,5604,5534,5491,5538,5325,5557,5659
WBGene00020943,8708,8703,8595,8770,8681,7877,8305,6234,5755,6052,5965,5753,6142,6442
WBGene00020989,8224,7849,8289,7939,8370,8133,8028,7192,7474,6762,7456,6560,6537,6795
WBGene00021048,16278,15807,15282,15874,2701,16407,2843,4281,4290,4205,4294,3652,3620,3922
WBGene00021060,12242,12510,12043,12574,12767,12001,12639,9637,9921,10180,10294,8478,8156,8918
WBGene00021082,7108,6971,6625,6788,7243,6918,7175,8174,7862,8379,8300,7592,7440,8696
WBGene00021121,8432,9173,8363,8953,9582,9661,10743,10471,10868,10360,9988,14593,15074,15871
WBGene00021160,8359,8215,8390,8302,8112,7902,7820,7515,7250,7342,7316,7414,7110,7326
WBGene00021167,16052,15178,14807,15151,15558,14972,15492,14693,13890,14655,14884,8432,8268,8650
WBGene00021178,12574,12498,11723,12182,11394,11867,11965,14743,14346,14277,14435,14102,13563,13260
WBGene00021190,8510,8399,8613,8532,8741,8448,8152,6036,6104,6038,5956,5738,5872,6316
WBGene00021262,9897,10323,9893,9155,9312,9358,9139,13691,13818,12806,13673,7222,7708,7871
WBGene00021321,7809,8330,8314,8644,7862,7780,8168,7103,7272,7125,7055,6440,6129,6407
WBGene00021322,3909,3760,3884,3519,3803,3617,3592,4568,4482,4464,4485,4078,4137,4264
WBGene00021325,4121,3987,4080,3960,3995,3850,3842,4506,4405,4387,4404,3956,3988,3882
WBGene00021352,16419,16313,16188,16331,16288,15869,16102,3298,3262,3179,3331,16150,16357,16129
WBGene00021396,9767,9271,8694,8686,9478,10269,10356,13765,13387,13176,13467,11926,11886,12961
WBGene00021496,7436,6602,6914,6809,7460,7572,7401,11053,11438,11654,10928,12414,12168,14386
WBGene00021500,5492,5502,5410,5262,5596,5455,5453,7876,7922,7557,8084,5573,5610,5838
WBGene00021503,16261,15747,15599,15651,15188,14595,14472,11972,12081,11520,12369,8068,7887,8339
WBGene00021519,8225,8467,8216,8355,8206,7901,7941,11941,11925,11596,11740,14732,13556,14549
WBGene00021535,12314,11282,11611,11898,12041,11818,11748,15150,14978,15344,15464,13859,13047,12653
WBGene00021583,10878,11452,10490,11322,11277,9827,10498,16053,15767,16107,16303,7692,7615,8205
WBGene00021585,6671,6464,6417,6227,6354,6220,6604,6900,6017,6500,6185,13955,14272,14228
WBGene00021586,10141,10345,10140,10467,10612,10182,10690,8536,7942,7951,8209,8529,8825,8805
WBGene00021587,15607,16127,14512,16394,15324,15431,16386,10085,9092,8609,9323,7441,8115,8393
WBGene00021589,9978,9920,10462,9734,10248,9887,9883,12492,12028,12135,11885,11646,11907,12077
WBGene00021590,7410,6654,6890,6726,7258,6966,6883,9582,9184,9327,9019,8565,8792,9324
WBGene00021602,5177,4678,5030,4635,5039,5087,4977,6085,6682,6001,6178,4664,4698,5056
WBGene00021635,15196,14899,14754,14717,15445,15326,15328,3498,3440,3257,3458,15064,15066,15796
WBGene00021768,11407,12014,10840,11046,12523,10625,11842,15833,15496,14840,15159,12650,14805,14538
WBGene00021772,5288,5383,5192,5454,5334,4995,4970,2321,2317,2261,2300,4683,2353,2306
WBGene00021814,8909,9324,8536,8773,8813,9041,8961,10821,11160,10616,11024,7214,7442,7496
WBGene00021820,15105,15225,14898,14640,15763,15940,15806,3131,2808,3062,2883,16384,16300,2735
WBGene00021852,2467,2764,2621,2496,2629,16338,16398,8588,8919,9248,8992,7656,8014,8531
WBGene00021860,6220,5985,5796,5697,5887,5634,5628,6446,6224,6141,5980,5172,5199,5473
WBGene00021872,12674,14082,11776,12035,14155,13109,13925,10782,11039,10739,10922,9280,9250,10218
WBGene00021879,15892,15885,15781,15436,16299,15643,15734,3452,3218,3344,3233,10384,11196,12189
WBGene00022061,9071,8587,9092,8748,8909,8470,8493,7384,6734,7038,7233,6963,6999,7254
WBGene00022178,13059,13249,12522,13296,13362,13245,14141,16333,16021,16244,16080,13646,13446,14559
WBGene00022181,9704,9481,9389,9708,9842,9504,9849,9442,9476,8973,9463,7987,8178,8348
WBGene00022200,3814,3562,3900,3569,3717,3528,3497,2912,2527,2678,2709,12336,11969,12993
WBGene00022203,5606,5397,5413,5417,5292,5351,5616,5886,5857,6277,5810,6119,6166,7086
WBGene00022246,10670,10680,10739,10812,10595,10869,10679,12279,11895,12914,11852,10049,9485,10531
WBGene00022261,10206,9265,9040,9828,8873,8930,9029,9755,9918,9940,10440,6435,6562,7170
WBGene00022275,2137,2289,2139,2278,2145,4659,2337,5208,4896,4916,5401,4786,4760,4977
WBGene00022276,4487,4341,4462,4351,4457,4433,4399,4126,4035,4064,4097,4000,3990,4280
WBGene00022326,10592,9622,10045,9484,9454,9277,9038,11610,11404,11365,11984,9906,9316,9277
WBGene00022337,8790,8682,8701,8344,8746,7909,8541,10469,10592,10321,10480,6483,6531,7043
WBGene00022345,5907,6388,6205,6187,6291,6179,6250,6250,6456,6459,6420,5527,5484,5669
WBGene00022346,10555,9992,9897,10239,9728,9573,8989,11076,10272,10519,10657,6750,6603,7046
WBGene00022382,10107,9780,9727,10367,10027,9904,10373,2891,2590,16441,2802,15836,15301,14249
WBGene00022411,9732,9691,10336,9521,10264,10183,9791,7567,7098,7984,7612,7019,7113,8170
WBGene00022413,2984,2902,2893,2731,2862,16634,16581,3982,3986,3821,4034,13858,13682,13968
WBGene00022487,8961,8527,8834,8702,8579,8183,8240,8086,7728,7436,7831,7506,7653,7586
WBGene00022497,2843,2991,16319,16660,2739,16366,16627,4197,4184,3991,4179,3873,3865,3966
WBGene00022505,10813,10846,10331,11006,11016,10949,11765,11441,12211,11818,12305,14115,14387,16562
WBGene00022515,13514,13379,13280,13883,14168,14062,14297,10572,10407,10521,10709,11148,11458,11810
WBGene00022562,2728,2708,2918,2710,2648,2877,2832,15395,15994,15538,15932,10868,10647,11026
WBGene00022571,4927,4801,4958,2214,4720,2286,4900,1947,1894,1917,1920,1865,1897,1923
WBGene00022597,3951,4047,3705,4061,3604,3426,3610,14131,13670,13642,13685,15447,15646,13645
WBGene00022610,11805,13310,12296,11829,12434,11249,12401,13238,14264,12631,13774,7784,7980,8479
WBGene00022615,11380,12041,11484,11069,12687,12983,13368,12624,13496,12698,12985,13831,13471,15188
WBGene00022643,14132,13746,14500,14072,15750,16196,16551,13307,12640,13327,12824,14326,15132,16262
WBGene00022644,14621,14776,14023,13732,14406,13076,12696,3635,3380,2926,3092,16329,16531,2630
WBGene00022721,13162,12640,12758,12933,12497,11985,11370,15654,15156,15157,15066,14985,14557,14552
WBGene00022736,11003,10460,10797,10415,9533,9420,9230,15254,13995,14507,14174,15309,14880,13879
WBGene00022782,11331,11696,11386,11903,11222,11582,11172,11213,11712,10926,11090,14992,14923,15576
WBGene00022816,7190,7810,7053,8061,8277,8500,8404,7110,7105,7198,7002,7451,7541,7616
WBGene00022830,12198,11369,12295,12154,10735,11125,11555,13996,13953,13813,14196,13785,13914,13225
WBGene00022868,14444,14005,14792,14304,14219,14194,13896,13201,12769,13382,13347,12163,12527,12223
WBGene00022870,7083,6852,7076,6717,6923,6538,6702,6273,5680,5915,5704,5320,5341,5833
WBGene00023423,6438,5977,6179,6376,6007,6070,6057,7052,6319,6552,6497,8993,9332,8991
WBGene00023432,12962,13835,12445,14094,13088,12353,13233,15538,15710,15145,15887,10682,10527,10727
WBGene00023485,12855,12793,12352,13123,13378,13084,13097,11769,11563,11636,11610,8538,8680,8034
WBGene00043983,14613,14765,14796,14159,14158,14024,14240,13677,13654,13761,13573,11615,11671,11900
WBGene00044045,11624,10979,12059,11536,10703,10394,10627,10311,9861,10420,10395,10002,9336,9606
WBGene00044107,8997,9978,9032,9088,9045,9329,8946,8752,9385,8530,9365,7133,7037,7419
WBGene00044206,16570,16416,15918,16131,16106,15888,16456,10268,10063,10268,10245,8277,8486,8602
WBGene00044280,14294,14746,14070,14451,14374,15629,15676,3257,2915,3051,3049,3329,3315,3611
WBGene00044291,8985,8400,8446,8607,8465,8488,8722,8155,7798,7763,8022,7509,7484,7232
WBGene00044296,14135,14434,14467,14463,13018,12741,11809,7559,7151,7789,7442,6759,6851,7261
WBGene00044381,4921,4748,2346,2353,4877,4945,2298,1946,1895,1916,1918,1866,1991,1922
WBGene00044382,8702,8334,8376,7574,8268,8234,8005,5948,5739,6115,5857,5724,5685,5992
WBGene00044403,9960,10667,10216,10234,9703,9605,9761,11538,11063,11578,11455,9347,8987,8926
WBGene00044421,10120,9425,9774,9620,10213,10383,10447,8692,9121,8848,8658,9255,8879,10158
WBGene00044455,9005,9361,9247,9132,8817,8293,8231,7650,7948,7964,7920,6403,6289,7112
WBGene00044457,13848,13256,13676,13235,12890,12483,12787,10855,10843,11070,10990,9827,10307,10636
WBGene00044458,7035,6963,7213,6576,7122,7152,6857,9744,9137,8883,9097,8543,8250,9111
WBGene00044469,13047,12657,12022,11987,12994,12901,12347,8124,8255,7748,8253,6719,6934,7549
WBGene00044481,11109,12105,10643,11183,11493,12103,11524,10236,9908,10096,9801,8223,8212,8576
WBGene00044485,10009,9906,10236,9969,10217,9880,10182,8945,8822,8370,8873,9002,8667,8798
WBGene00044488,9158,8590,8673,8209,9260,8643,8397,7388,8056,7927,7923,6967,7578,7892
WBGene00044500,12040,11341,11253,12298,12035,12124,12706,11999,11898,11863,12045,13946,14174,14381
WBGene00044611,7590,7763,7561,7679,7248,7232,7026,8710,8618,8893,8748,8776,8883,8407
WBGene00044672,10972,10852,10977,10833,10748,10130,9904,14468,14126,14361,14374,12660,12435,11998
WBGene00044696,2869,3355,2523,3054,15422,15642,15326,14072,14060,13570,13932,14052,12284,12592
WBGene00044707,5175,4887,4725,4909,5207,5103,5001,5740,5933,5588,6010,4622,4649,4987
WBGene00044761,12291,12535,11791,12603,12498,11414,12366,13716,13443,13124,13591,7010,7467,7576
WBGene00044770,9872,9286,9830,9754,9019,9107,9357,11247,11078,11337,10864,10545,10774,10280
WBGene00044776,9441,8993,9398,9096,9139,8777,8519,8083,8496,8503,8457,6338,6612,6794
WBGene00044792,11638,10961,11197,11557,11006,10362,10006,7738,7455,7629,7819,6796,6892,6957
WBGene00044807,6086,5973,6079,6450,6087,5746,5369,5067,4881,4971,5091,4791,5099,5096
WBGene00044990,9423,9147,9022,9505,9039,8455,8693,8262,7921,7998,8194,8582,8277,8091
WBGene00045013,12536,12668,12206,12719,11486,11252,11829,11591,11469,11613,11518,8760,8471,8943
WBGene00045048,7553,7347,7609,7507,7272,7374,7495,8366,8300,8461,8395,8727,8271,8835
WBGene00045252,10238,9969,10328,10334,10144,10267,9871,8950,8950,8793,8999,9217,8886,8945
WBGene00045305,8557,8114,7628,8110,7695,7934,8178,11366,10768,10081,10513,12581,11603,12754
WBGene00045365,7996,8052,8187,7973,8583,8253,8266,6319,6594,6993,6752,6472,6308,6702
WBGene00045397,12569,11769,12359,12296,11554,11486,11629,13817,12549,13201,13071,10697,10575,9658
WBGene00045455,9309,9072,9372,9372,9160,8524,8608,8049,7551,7980,7891,9081,9197,8853
WBGene00045457,4837,4930,4941,5038,4918,4856,5063,6710,6548,6466,6580,4727,4867,5135
WBGene00050899,11617,12206,11148,11160,10879,11447,10810,10452,10346,10378,10749,9912,9201,9518
WBGene00050967,7921,7401,7455,7772,7775,7641,7327,6481,6189,6596,6893,6723,6513,6405
WBGene00077757,7510,6798,7571,7101,6977,7048,6627,6062,5909,6130,5982,5863,5902,5784
WBGene00077783,13008,13705,12789,13491,12065,11232,11507,6995,6636,7115,7155,6981,7014,7202
WBGene00077786,8358,7964,8470,7720,8929,8988,9109,8281,7771,8067,7810,7559,7735,7751
WBGene00185092,10195,10024,9946,9377,10225,10031,10055,9194,9025,8663,9009,7416,7252,7525
WBGene00189950,5061,5331,5874,4807,5170,5204,4920,2249,2173,2283,2234,2169,2176,2241
WBGene00194687,7835,7874,7743,7716,7451,7763,7555,9404,9341,9110,9589,6457,6203,6923
WBGene00194689,7518,7528,7819,7610,7120,7213,7096,9298,8526,8630,8891,7995,8139,7184
WBGene00194713,7506,7308,7424,7469,6705,7119,7695,8699,8191,8378,8666,9049,8843,8729
WBGene00194742,5551,5426,6108,5874,5910,5582,5437,5090,4989,5059,4914,4813,4857,5306
WBGene00194815,10390,9680,10575,9857,10452,10580,10220,10073,10152,10286,10111,7889,7920,8263
WBGene00194848,6349,6001,6057,6117,6331,6846,6738,5998,5669,5418,5641,5648,5474,5912
WBGene00195077,5715,5856,5764,5585,5985,5846,5955,9862,10285,10120,10459,6426,6726,6760
WBGene00195145,6046,5430,5520,5509,5315,5061,5048,5567,5372,5457,5731,4846,4970,5139
WBGene00202511,5122,5149,5756,5274,5298,5177,5282,7157,7447,6989,7305,5479,5446,5358
WBGene00206354,10618,10728,10715,10736,10828,9935,9926,2810,2671,2891,2879,13307,13429,14678
WBGene00206381,5541,5766,5558,5787,5727,5319,5597,6802,6873,6556,7052,5918,5954,5862
WBGene00206413,5713,5752,5762,5687,5579,5547,5272,4903,2431,4983,4830,4637,4666,5004
WBGene00219216,7928,7606,8037,7582,8145,8166,7976,11320,10989,11715,11401,8692,8043,9289
WBGene00219283,10665,10781,10966,10562,10166,9884,9905,9590,9360,9753,9703,9505,9484,8454
WBGene00219316,15883,15825,15480,15596,15834,15276,15500,13841,12754,13763,13434,13382,14122,14037
WBGene00219376,9112,9678,9829,9829,9465,8680,8732,8306,8023,8028,8333,8111,8435,8132
WBGene00235352,16495,16433,16383,16205,15703,14800,14842,13437,12986,13259,13372,7748,7866,8163
WBGene00004197,15403,14250,14974,14904,14225,14133,13644,13198,13119,13492,13446,12529,12708,12750
WBGene00021281,3575,3473,3565,3405,4300,4166,4216,3547,3452,3487,3677,3352,3339,3910
WBGene00016066,10425,10238,10526,10730,10805,11055,10166,12878,13459,12700,13498,10952,10488,10940
WBGene00011222,16399,16628,16071,16685,14989,14540,15119,8959,8464,8217,8411,7772,8262,7868
WBGene00010341,10127,9724,9955,9748,9534,9132,9122,12411,11569,11691,11939,11120,10592,10372
WBGene00235133,10424,10064,9766,9289,10519,10567,10027,11018,10906,10668,11066,7723,7549,7849
WBGene00015687,3414,3278,3579,3219,3492,3510,3507,4403,4300,4258,4273,4093,4103,4278
WBGene00000966,13541,12839,12380,13301,13192,12703,12898,9583,9218,9797,9449,9664,10181,10351
WBGene00016048,12269,13510,13070,12252,14510,13322,13890,10254,11035,11178,10795,7262,7535,8182
WBGene00020139,2567,15701,2829,16117,2969,2872,16378,14775,14079,14776,14392,14011,13376,14195
WBGene00017691,12696,14938,13627,13374,12787,12774,13465,7283,7280,6850,7177,6866,7034,7499
WBGene00018708,4865,4594,2214,4669,5143,4778,5049,2053,2222,2109,2230,1983,2103,2156
WBGene00010641,16524,16584,2540,16596,16361,16412,16376,3991,3768,3788,3754,3579,3530,3521
WBGene00017398,9981,9731,9902,9489,10336,9604,9952,10958,11211,10864,11029,9012,8704,9797
WBGene00004922,15882,15635,16120,15458,15321,15452,15547,3084,2886,2993,2925,15830,15730,16144
WBGene00013637,7497,7097,7244,7296,7156,7584,7957,9771,9653,9457,9550,6237,6425,6408
WBGene00017498,16413,16502,16520,15891,2989,2813,2921,14042,14861,13588,15115,10733,10926,11606
WBGene00003411,3730,3528,3619,3518,3592,3326,3195,4352,4135,4122,4162,2903,3095,3022
WBGene00020576,15589,14804,15262,15334,16363,14497,15331,3437,3332,3296,3471,10927,11087,12114
WBGene00004876,10583,10688,10611,10481,10392,10339,10144,12392,12489,12691,12784,12430,12755,12312
WBGene00002274,15712,15666,15558,15228,14952,15299,14904,3783,3535,3639,3596,2961,2935,3179
WBGene00018314,2288,2107,2034,2271,2233,2041,2254,2356,2086,2123,2048,5296,5421,5494
WBGene00012445,2848,2491,3180,2664,3361,16601,16657,3219,3074,3335,3287,10444,10762,11630
WBGene00022642,14417,14871,14116,14081,14421,12704,13570,9622,9689,9590,9654,7516,7915,8363
WBGene00013118,11720,11221,11384,10935,11159,10622,10686,10895,10144,10931,10818,9319,9278,9236
WBGene00003648,8861,9592,9616,9310,10259,9847,10180,10668,10138,10121,10518,12083,11341,12098
